dr_ndrugs;count_profit_monthturnover
ЛЕВОФЛОКСАЦИН 500МГ. №10 ТАБ. П/П/О /ФАРМСТАНДАРТ-ТОМСКХИМФАРМ/;AAA
КЕТОРОЛ ЭКСПРЕСС 10МГ. №20 ТАБ. ДИСПЕРГ. /Д-Р РЕДДИС/;AAA
"ПАСКАЛЬ ШПРИЦ 3-Х КОМП. 5МЛ. С ИГЛОЙ 22G 0,7Х30ММ. №10 [PASCAL]";AAA
ИНЪЕКТРАН 100МГ/МЛ. 2МЛ. №10 Р-Р Д/В/М АМП.;AAA
"ТРИПЛИКСАМ 5МГ.+1,25МГ.+5МГ. №30 ТАБ. П/П/О";AAA
РЕЛИФ ПРО 40МГ.+1МГ. №10 СУПП. РЕКТ.;AAA
ПРЕСТАНС 5МГ.+5МГ. №30 ТАБ.;AAA
УГОЛЬ АКТИВИРОВАННЫЙ 250МГ. №50 ТАБ. /ФАРМСТАНДАРТ ЛЕКСРЕДСТВА/;AAA
ПЕНТАЛГИН №24 ТАБ. П/П/О /ОТИСИФАРМ/;AAA
ГЛЮКОФАЖ ЛОНГ 1000МГ. №60 ТАБ.ПРОЛОНГ. /МЕРК САНТЭ/;AAA
АФОБАЗОЛ 10МГ. №60 ТАБ.;AAA
ГРИППФЕРОН 10000МЕ/МЛ. 500МЕ/ДОЗА 10МЛ. 200ДОЗ НАЗАЛ.СПРЕЙ ФЛ. /ФИРН М/;AAA
МИКОДЕРИЛ 1% 10МЛ. №1 Р-Р Д/НАРУЖ.ПРИМ. ФЛ./КАП.;AAA
ОМЕЗ 20МГ. №30 КАПС. /Д-Р РЕДДИ/;AAA
КЛАРИТРОМИЦИН-ВЕРТЕ 500МГ. №14 ТАБ. П/П/О /ВЕРТЕКС/;AAA
ДЕТРАЛЕКС 1000МГ. №60 ТАБ. П/П/О;AAA
"СНУП 0,1% 90МКГ/ДОЗА 15МЛ. НАЗАЛ.СПРЕЙ ФЛ. /ШТАДА/";AAA
ЛОПЕРАМИД-АКРИХИН 2МГ. №20 КАПС. /АКРИХИН/;AAA
АЦИКЛОВИР-БЕЛУПО 400МГ. №35 ТАБ. П/О /БЕЛУПО/;AAA
ЭКСПРЕСС-ТЕСТ НА А/ТЕЛА COVID-19 LGG/LGM;AAA
"КОНКОР КОР 2,5МГ. №30 ТАБ. П/П/О /МЕРК/";AAA
МЕЗИМ-ФОРТЕ №80 ТАБ. П/О /БЕРЛИН-ХЕМИ/;AAA
МИДОКАЛМ 150МГ. №30 ТАБ. П/П/О /ГЕДЕОН РИХТЕР/;AAA
ВАЛИДОЛ 60МГ. №10 ТАБ. ПОДЪЯЗЫЧ. /ФАРМСТАНДАРТ/;AAA
АСЕПТИКА САЛФЕТКА СПИРТОВАЯ 60Х100 №20;AAA
МЕТРОГИЛ ДЕНТА 20Г. №1 ГЕЛЬ СТОМАТ. ТУБА;AAA
НУРОФЕН ЭКСПРЕСС ФОРТЕ 400МГ. №20 КАПС. /РЕКИТТ БЕНКИЗЕР/;AAA
АРБИДОЛ МАКСИМУМ 200МГ. №10 КАПС. /ОТИСИФАРМ/ФАРМСТАНДАРТ/;AAA
МЕКСИДОЛ ЗУБ.ПАСТА ДЕНТ АКТИВ 100Г. [MEXIDOL];AAA
ОФТАН-КАТАХРОМ 10МЛ. ГЛ.КАПЛИ ФЛ.;AAA
СБОР УРОЛОГИЧЕСКИЙ 2Г. №20 ПАК. (ФИТОНЕФРОЛ) /КРАСНОГОРСК/;AAA
L-ТИРОКСИН 75МКГ. №100 ТАБ. /БЕРЛИН ХЕМИ/;AAA
ЭМОКСИПИН 10МГ/МЛ. 5МЛ. №1 ГЛ.КАПЛИ ФЛ. КРЫШ/КАП.;AAA
ПУСТЫРНИКА ЭКСТРАКТ 14МГ. №50 ТАБ. /ФАРМСТАНДАРТ/;AAA
ВАЛОКОРДИН 20МЛ. КАПЛИ Д/ПРИЕМА ВНУТРЬ ФЛ./КАП.;AAA
"ЛЕВОМЕКОЛЬ 40МГ/Г.+7,5МГ/Г. 40Г. №1 МАЗЬ Д/НАРУЖ.ПРИМ. ТУБА /НИЖФАРМ/";AAA
ТАУФОН 4% 10МЛ. №1 ГЛ.КАПЛИ ФЛ./КАП. /ОТИСИФАРМ/ФАРМСТАНДАРТ/;AAA
МЕНОВАЗИН 40МЛ. №1 СПИРТ. Р-Р Д/НАРУЖ.ПРИМ. ФЛ. /САМАРАМЕДПРОМ/;AAA
ДЮФАЛАК 667МГ/МЛ. 1000МЛ. СИРОП ФЛ. +МЕРН.СТАКАН /ЭББОТТ/СОЛВЕЙ/;AAA
ДИАБЕТОН МВ 60МГ. №30 ТАБ. МОДИФ.ВЫСВ. /СЕРВЬЕ/;AAA
ВЕРОШПИРОН 50МГ. №30 КАПС. /ГЕДЕОН РИХТЕР/;AAA
ЭСВИЦИН СР-ВО П/ОБЛЫСЕНИЯ ЛОСЬОН-ТОНИК 250МЛ. ФЛ. /ВИО-ФАРМ/;AAA
ЦИТРАМОН П №20 ТАБ. /ФАРМСТАНДАРТ/;AAA
ЛИЗИНОПРИЛ 10МГ. №60 ТАБ. /ВЕРТЕКС/;AAA
БЕТАЛОК ЗОК 25МГ. №14 ТАБ.ПРОЛОНГ. П/О /АСТРА ЗЕНЕКА/;AAA
ТРОКСЕРУТИН ВРАМЕД 2% 40Г. ГЕЛЬ Д/НАРУЖ.ПРИМ. ТУБА /СОФАРМА/;AAA
МЕКСИДОЛ 125МГ. №50 ТАБ. П/П/О /ФАРМАСОФТ/ЗИО ЗДОРОВЬЕ/;AAA
ЭЛИКВИС 5МГ. №60 ТАБ. П/П/О /ПФАЙЗЕР/БРИСТОЛ-МАЙЕРС/;AAC
МЕТИЛУРАЦИЛ 10% 25Г. МАЗЬ Д/МЕСТ. И НАРУЖ.ПРИМ. ТУБА /НИЖФАРМ/;AAC
АЗАРГА 10МГ/МЛ.+5МГ/МЛ. 5МЛ. №1 ГЛ.КАПЛИ ФЛ./КАП.;AAC
ВИТАПРОСТ 10МГ. №10 СУПП. РЕКТ. /НИЖФАРМ/;AAC
ФОСФОГЛИВ ФОРТЕ 65МГ+300МГ. №50 КАПС. /ФАРМСТАНДАРТ/;AAC
ЦИПРОЛЕТ А 500МГ.+600МГ. №10 ТАБ. П/О;AAC
ДОКСИЦИКЛИН СОЛЮШН ТАБЛЕТС 100МГ. №10 ТАБ.ДИСПЕРГ. /АТОЛЛ/ОЗОН/;AAC
"НОЛИПРЕЛ А ФОРТЕ 5МГ.+1,25МГ. №30 ТАБ. П/П/О";AAC
КОРНЕРЕГЕЛЬ 5% 10Г. ГЛ. ГЕЛЬ ТУБА;AAC
МАГНЕЛИС В6 №120 ТАБ. П/О;AAC
СОРБИФЕР ДУРУЛЕС 320МГ/60МГ. №50 ТАБ. П/О;AAC
ДОНОРМИЛ 15МГ. №30 ТАБ. П/П/О;AAC
"МОКСОНИДИН-СЗ 0,2МГ. №60 ТАБ. П/П/О /СЕВЕРНАЯ ЗВЕЗДА/";AAC
ЦИСТОН №100 ТАБ.;AAC
ПОЛИДЕКСА С ФЕНИЛЭФРИНОМ 15МЛ. НАЗАЛ.СПРЕЙ ФЛ.;AAC
"АТОПИК КРЕМ-СТИК УСПОКАИВАЮЩИЙ Д/ДЕТ. 0+ 4,9МЛ. ПЕНАЛ [ATOPIC]";AAC
ДЕЗЛОРАТАДИН-ВЕЛФАРМ 5МГ. №10 ТАБ. П/О;AAC
"ГЛИЦЕРИН 2,11Г. №10 СУПП. РЕКТ. /НИЖФАРМ/";AAC
КАНЕФРОН Н №60 ТАБ. П/О;AAC
ПЕРИНЕВА 4МГ. №30 ТАБ. /KRKA/;AAC
КЛОПИДОГРЕЛ-СЗ 75МГ. №28 ТАБ. П/П/О /СЕВЕРНАЯ ЗВЕЗДА/;AAC
ДЕТРИМАКС 2000 240МГ. №60 ТАБ. П/О;AAC
ГИПОСАРТ 16МГ. №28 ТАБ.;AAC
ТОЛПЕРИЗОН 150МГ. №30 ТАБ. П/П/О /МЕДИСОРБ/;AAC
БЕТАГИСТИН-СЗ 16МГ. №60 ТАБ. /СЕВЕРНАЯ ЗВЕЗДА/;AAC
ДОРИТРИЦИН №10 ТАБ. Д/РАСС.;AAC
МИКРОЛАКС 5МЛ. №4 Р-Р Д/РЕКТ. ВВЕД. МИКРОКЛИЗМА;AAC
НАНОПЛАСТ ФОРТЕ ПЛАСТЫРЬ ОБЕЗБОЛ. 9Х12СМ. №3;AAC
ГЕКСАЛИЗ №30 ТАБ. Д/РАСС.;AAC
ДОНАТ МАГНИЙ ВОДА ГАЗ. 1Л. ПЭТ [DONAT];AAC
АТОРВАСТАТИН-СЗ 20МГ. №60 ТАБ. П/П/О /СЕВЕРНАЯ ЗВЕЗДА/;AAC
НИМЕСИЛ 100МГ. 2Г. №30 ГРАН. Д/СУСП. Д/ПРИЕМА ВНУТРЬ ПАК. /ГУИДОТТИ/МЕНАРИНИ/;AAC
СПЛАТ ЗУБ.ПАСТА ЛЕЧЕБНЫЕ ТРАВЫ 100МЛ. [SPLAT];AAC
"МИЛДРОНАТ 100МГ/МЛ. 5МЛ. №10 Р-Р Д/В/В,В/М И ПАРАБУЛЬБ. ВВЕД. АМП. /ГРИНДЕКС/";AAC
НОЛЬПАЗА 20МГ. №28 ТАБ.КШ/РАСТВ. П/О /KRKA/;AAC
ФУРАЦИЛИН АВЕКСИМА 20МГ. №10 ШИП.ТАБ. Д/Р-РА Д/МЕСТ. И НАРУЖ.ПРИМ.;AAC
"СИГНИЦЕФ 0,5% 5МЛ. №1 ГЛ.КАПЛИ ФЛ./КАП. /СЕНТИСС/ПРОМЕД/";AAC
ИНГАВИРИН 90МГ. №10 КАПС. /ВАЛЕНТА/;AAC
НАЙЗ 100МГ. №30 ТАБ.;AAC
КОМБИЛИПЕН 2МЛ. №10 Р-Р Д/В/М АМП.;AAC
ТРИМЕТАЗИДИН-АКОС МВ 35МГ. №60 ТАБ. МОДИФ.ВЫСВ. /БИОКОМ/;AAC
ДОЛГИТ 5% 100Г. КРЕМ Д/НАРУЖ.ПРИМ. ТУБА /ДОЛОРГИТ/;AAC
СТЕЛЛАНИН 3% 20Г. МАЗЬ Д/НАРУЖ.ПРИМ. ТУБА;AAC
ИБУКЛИН 400МГ.+325МГ. №10 ТАБ. П/П/О;AAC
ГЕЛАДРИНК ФОРТЕ ПОР. Д/ПРИЕМА ВНУТРЬ АПЕЛЬСИН 420Г. БАНКА;CAC
НАТАЛЬСИД 250МГ. №10 СУПП. РЕКТ. /НИЖФАРМ/;CAC
БЕЙБИ КАЛМ Д/МЛАДЕНЦЕВ 15МЛ. КАПЛИ (СИРОП) ФЛ. БЕБИ;CAC
ДРАПОЛЕН 55Г. КРЕМ Д/НАРУЖ.ПРИМ. ТУБА;CAC
ТЕЛЗАП 40МГ. №30 ТАБ.;CAC
ЦЕФИКСИМ ЭКСПРЕСС 400МГ. №7 ТАБ. ДИСПЕРГ.;CAC
ФЕСТАЛ №100 ДРАЖЕ;CAC
ТРОКСЕРУТИН ВРАМЕД 300МГ. №50 КАПС. /СОФАРМА/;CAC
АТОРИС 20МГ. №90 ТАБ. П/П/О /KRKA/;CAC
ТЕЛМИСТА 80МГ. №84 ТАБ.;CAC
УРОЛЕСАН 25МЛ. КАПЛИ Д/ПРИЕМА ВНУТРЬ ФЛ.;CAC
МИДОКАЛМ 50МГ. №30 ТАБ. П/П/О /ГЕДЕОН РИХТЕР/;CAC
ТАВАНИК 500МГ. №10 ТАБ. П/П/О /САНОФИ-АВЕНТИС/;CAC
ДЕТРАЛЕКС 500МГ. №30 ТАБ. П/П/О;CAC
АЛЬФА НОРМИКС 200МГ. №12 ТАБ. П/П/О;CAC
МЕЛАТОНИН 3МГ. №30 ТАБ. П/П/О /ОЗОН/;CAC
СУПРАКС СОЛЮТАБ 400МГ. №7 ТАБ. ДИСПЕРГ.;CAC
ПОЛИОКСИДОНИЙ 6МГ. №10 СУПП. РЕКТ./ВАГИН. /ПЕТРОВАКС/;CAC
СЕНИ ТРУСИКИ АКТИВ ВПИТЫВ. НОРМАЛ Р.L(3) №10 (100-135СМ.) [SENI];CAC
АЛЕРАНА ВИТАМИННО-МИНЕРАЛЬНЫЙ КОМПЛЕКС ДЕНЬ-НОЧЬ №60 ТАБ. [ALERANA];CAC
ДОППЕЛЬГЕРЦ АКТИВ ОМЕГА-3 №80 КАПС.;CAC
"ТРИПЛИКСАМ 5МГ.+2,5МГ.+10МГ. №30 ТАБ. П/П/О";CAC
ЛОГЕСТ 75МКГ.+20МКГ. №21 ТАБ. П/О;CAC
"КО-ВАМЛОСЕТ 5МГ.+160МГ.+12,5МГ. №30 ТАБ. П/П/О";CAC
НЕОБУТИН 200МГ. №30 ТАБ.;CAC
"АКРИДЕРМ ГК 0,05%+0,1%+1% 30Г. №1 КРЕМ Д/НАРУЖ.ПРИМ. ТУБА /АКРИХИН/";CAC
ДИВАЗА №100 ТАБ. Д/РАСС.;CAC
ДАНТИНОРМ БЕБИ 1МЛ. №10 Р-Р Д/ВНУТР. Д/СНЯТ.ВОСПАЛ. ДЕСЕН ПРИ ПРОРЕЗ;CAC
ПРОТЕФИКС ОЧИСТИТЕЛЬ АКТИВН. Д/ЗУБ.ПРОТЕЗ. №66 ТАБ. [PROTEFIX];CAC
ПРЕСТАНС 10МГ.+10МГ. №30 ТАБ.;CAC
КАЛЬЦИЙ Д3 НИКОМЕД 500МГ.+200МЕ №60 КЛУБНИКА+АРБУЗ ТАБ.ЖЕВ.;CAC
ДЮСПАТАЛИН 200МГ. №30 КАПС. РЕТАРД /ЭББОТТ/;CAC
ТЕРАФЛЮ ЭКСТРА ЛИМОН ОТ ГРИППА И ПРОСТУДЫ 15Г. №10 ПОР. Д/Р-РА Д/ПРИЕМА ВНУТРЬ ПАК.;CAC
ДОППЕЛЬГЕРЦ АКТИВ МАГНИЙ+ВИТ. ГРУППЫ В №30 ТАБ.;CAC
ПАНАНГИН ФОРТЕ 316МГ+280МГ. №60 ТАБ. П/П/О /ГЕДЕОН РИХТЕР/;CAC
АЭРТАЛ 100МГ. №60 ТАБ. П/П/О;CAC
"ТРИПЛИКСАМ 10МГ.+2,5МГ.+10МГ. №30 ТАБ. П/П/О";CAC
ФУРАМАГ 50МГ. №30 КАПС. /ОЛАЙНФАРМ/;CAC
МИДРИМАКС 5МЛ. №1 ГЛ.КАПЛИ ФЛ./КАП.;CAC
КОМБИЛИПЕН ТАБС №60 ТАБ. П/П/О;CAC
СУПРАДИН КИДС РЫБКИ №30 ПАСТИЛКИ ЖЕВ.;CAC
САТЕЛЛИТ СЕНСОРЫ ПЛЮС ПКГЭ-02.4 №50 ТЕСТ ПОЛОСКИ;CAC
ЦИТОФЛАВИН №100 ТАБ.КШ/РАСТВ. /ПОЛИСАН/;CAC
БИФИФОРМ №30 КАПС. КШ/РАСТВ.;CAC
"АЛЬФАГАН Р 0,15% 5МЛ. ГЛ.КАПЛИ ФЛ./КАП.";CAC
ПОЛИОКСИДОНИЙ 12МГ. №10 ТАБ. /ПЕТРОВАКС/;CAC
КАТАЛИН 750МГ. ТАБ. +15МЛ. Р-ЛЬ ГЛ.КАПЛИ;CAC
ВОЛЬТАРЕН ЭМУЛЬГЕЛЬ 2% 50Г. ГЕЛЬ Д/НАРУЖ.ПРИМ. ТУБА;CAC
КАЛЬЦЕМИН АДВАНС №60 ТАБ. П/П/О;CAC
УРСОФАЛЬК 250МГ/5МЛ. 250МЛ. СУСП. Д/ПРИЕМА ВНУТРЬ ФЛ. /ФАЛЬК ФАРМА/ВИФОР/;CAC
"НАТРИЯ ХЛОРИД 0,9% 100МЛ. №28 Р-Р Д/ИНФ. /ЭСКОМ/";CAC
ВОЛЬТАРЕН ЭМУЛЬГЕЛЬ 2% 100Г. ГЕЛЬ Д/НАРУЖ.ПРИМ. ТУБА;CAC
ЛИТТЛ ДОКТОР ТОНОМЕТР LD-51U АВТОМАТ НА ПЛЕЧО 22-42СМ. +АДАПТЕР [LITTLE DOCTOR];CAC
МИЛДРОНАТ 500МГ. №30 КАПС. /ГРИНДЕКС/;CAC
КРЕОН 25000 №20 КАПС. КШ/РАСТВ. ФЛ. /ЭББОТТ/;CAC
БИЛОБИЛ 40МГ. №60 КАПС. /KRKA/;CAC
"СФМ ШПРИЦ 3МЛ. 3-Х КОМП. 0,6Х30ММ 23G №100 [SFM]";CAC
АМИКСИН 125МГ. №6 ТАБ. П/П/О /ОТИСИФАРМ/ФАРМСТАНДАРТ/;CAC
ЮНИДОКС СОЛЮТАБ 100МГ. №20 ТАБ.ДИСПЕРГ. /АСТЕЛЛАС/;CAC
СТЕЛЛАНИН-ПЭГ 3% 20Г. МАЗЬ Д/НАРУЖ.ПРИМ. ТУБА;CAC
ГЛЮКОЗА 5% 200МЛ. №28 Р-Р Д/ИНФ. БУТ. /МОСФАРМ/;CAC
ХАРТМАНН БРАНОЛИНД H ПОВЯЗКА СТЕР. 10Х20СМ. №30 ПЕРУАН.БАЛЬЗАМ /АРТ.4923462/ [BRANOLIND];CAC
МЕЛАТОНИН-СЗ 3МГ. №60 ТАБ. П/П/О;CAC
БАРАЛГИН М 500МГ. №100 ТАБ.;CAC
"КСАЛАТАН 0,005% 2,5МЛ. №1 ГЛ.КАПЛИ ФЛ./КАП.";CAC
АКВАЛОР ЭКСТРА ФОРТЕ 150МЛ. АЛОЭ+РОМАШКА НАЗАЛ.СПРЕЙ;CAC
ДИОКСИДИН 5МГ/МЛ. 10МЛ. №10 Р-Р Д/ИНФ. И НАРУЖ.ПРИМ. АМП. /ВАЛЕНТА/НОВОСИБХИМФАРМ/ФЕРМЕНТ/ГРОТЕКС/;CAC
"РЕГИДРОН 18,9Г. №20 ПОР. Д/Р-РА Д/ПРИЕМА ВНУТРЬ ПАК. /ОРИОН/";CAC
АЛЛАПИНИН 25МГ. №30 ТАБ. /ВИЛАР/;CAC
"СФМ ШПРИЦ 5МЛ. 3-Х КОМП. 0,7Х40ММ 22G №100 [SFM]";CAC
"ХАРТМАНН КОСМОПОР Е ПОВЯЗКА 7,2Х5СМ №50 П/ОПЕР. САМОКЛ. СТЕР. /АРТ.9008705/ [HARTMANN COSMOPOR]";CAC
ХАРТМАНН КОСМОПОР Е ПОВЯЗКА 10СМХ6СМ №25 П/ОПЕР. САМОКЛ. СТЕР. /АРТ.901009/ [HARTMANN COSMOPOR];CAC
"СФМ ШПРИЦ 2МЛ. 3-Х КОМП. 0,63Х32ММ 23G №100 [SFM]";CAC
АКТОВЕГИН 40МГ/МЛ. 5МЛ. №5 Р-Р Д/ИН. АМП.;CAC
КСАРЕЛТО 10МГ. №98 ТАБ. П/П/О /БАЙЕР/;CAC
МИКРОЛАКС 5МЛ. №12 Р-Р Д/РЕКТ. ВВЕД. МИКРОКЛИЗМА;CAC
БЕПАНТЕН ПЛЮС 5% 30Г. №1 КРЕМ Д/НАРУЖ.ПРИМ. ТУБА;CAC
"ХАРТМАНН БРАНОЛИНД H ПОВЯЗКА СТЕР. 7,5Х10СМ. №30 ПЕРУАН.БАЛЬЗАМ /АРТ.4923432/ [BRANOLIND]";CAC
ФИЛЬТРУМ-СТИ 400МГ. №50 ТАБ.;CAC
ГИНКОУМ 40МГ. №60 КАПС. /ЭВАЛАР/;CAC
ВИПИДИЯ 25МГ. №28 ТАБ. П/П/О /ТАКЕДА/;CAC
МИЛЬГАММА 2МЛ. №25 Р-Р Д/В/М АМП.;CAC
АККУ-ЧЕК ТЕСТ-ПОЛОСКИ ПЕРФОРМА №100 (50Х2) [ACCU-CHEK];CAC
МИЛЬГАММА КОМПОЗИТУМ 100МГ+100МГ. №60 ТАБ. П/О;CAC
"БЕТОПТИК С 0,25% 5МЛ. ГЛ.КАПЛИ ФЛ./КАП.";CAC
БУСКОПАН 10МГ. №20 ТАБ. П/О;CAC
РЕННИ №24 ТАБ.ЖЕВ. МЯТА Б/САХ.;CAC
ЛАКТОФИЛЬТРУМ 500МГ. №30 ТАБ.;CAC
АКТОВЕГИН 40МГ/МЛ. 2МЛ. №25 Р-Р Д/ИН. АМП.;CAC
"ДЕРМОВЕЙТ 0,05% 25Г. КРЕМ Д/НАРУЖ.ПРИМ. ТУБА";CAC
СТОМАТОФИТ 100МЛ. ЭКСТРАКТ Д/МЕСТ.ПРИМ. ФЛ.;CAC
ЦИТОФЛАВИН 10МЛ. №5 Р-Р Д/В/В АМП. /ПОЛИСАН/;CAC
ТОРВАКАРД 20МГ. №30 ТАБ. П/П/О /САНОФИ/САНЕКА/;CAC
ФЕСТАЛ №40 ДРАЖЕ;CAC
ДЕПАНТОЛ 100МГ.+16МГ. №10 СУПП. ВАГ. /НИЖФАРМ/;CAC
ЭСПУМИЗАН 40МГ. №25 КАПС. /БЕРЛИН-ХЕМИ/;CAC
РОЗУВАСТАТИН-СЗ 20МГ. №30 ТАБ. П/П/О;CAC
РИНОФЛУИМУЦИЛ 10МЛ. СПРЕЙ НАЗАЛ. ФЛ. /ЗАМБОН/;CAC
ГРАММИДИН НЕО С АНЕСТЕТИКОМ №18 ТАБ. Д/РАСС.;CAC
НУТРИДРИНК СМЕСЬ Д/ЭНТЕР. ПИТАНИЯ КЛУБНИКА 200МЛ.;CAC
АМИНТАКС 35000МЕ+10000МЕ+35000МЕ №10 СУПП. ВАГ.;CAC
ПЕНТАЛГИН ЭКСТРА-ГЕЛЬ 5% 50Г. ГЕЛЬ Д/НАРУЖ.ПРИМ. ТУБА;CAC
"БРОКСИНАК 0,09% 2,5МЛ. №1 ГЛ.КАПЛИ ФЛ.";CAC
КОРЕГА ТАБС БИОФОРМУЛА Д/ЧИСТ. ЗУБ.ПРОТЕЗОВ №30 ТАБ. [COREGA];CAC
НЕОТАНИН КРЕМ Д/ДЕТ. И ВЗРОС. 50Г. ТУБА;CAC
ВАЛЬСАКОР 80МГ. №30 ТАБ. П/П/О /KRKA/;CAC
НАЙЗ АКТИВГЕЛЬ 1% 50Г. №1 ГЕЛЬ Д/НАРУЖ.ПРИМ. ТУБА;CAC
ОРВИРЕМ 2МГ/МЛ. 100МЛ. СИРОП Д/ДЕТЕЙ;CAC
НОРМОБАКТ-L 3Г. №10 ПОР. Д/-Р-РА Д/ПРИЕМА ВНУТРЬ САШЕ;CAC
"КО-ДАЛЬНЕВА 5МГ+0,625МГ.+2МГ. №30 ТАБ.";CAC
"КИЕВГУМА БИНТ МАРТЕНСА 3,5М.";CAC
БИКСИТОР 90МГ. №10 ТАБ. П/П/О;CAC
ГЛИЦИН ФОРТЕ 500/580МГ. №60 ТАБ. Д/РАСС. /ЭВАЛАР/;CAC
ДОППЕЛЬГЕРЦ АКТИВ ГЛИЦИН+ВИТ.В №30 КАПС.;CAC
МАГНЕ В6 ФОРТЕ №40 ТАБ. П/П/О;CAC
"БЕТОФТАН 0,5% 5МЛ. ГЛ.КАПЛИ ФЛ./КАП.";CAC
СПАЗМАЛГОН №50 ТАБ.;CAC
"СИЛУЕТ 2МГ.+0,03МГ. №21 ТАБ. П/О /ГЕДЕОН РИХТЕР/";CAC
"ПУЛЬМИКОРТ 0,25МГ/МЛ. 2МЛ. №20 СУСП. Д/ИНГ. КОНТ. /АСТРА ЗЕНЕКА/";CAC
РЕГУЛОН 150МКГ+30МКГ. №63 (21X3) ТАБ. П/О /ГЕДЕОН РИХТЕР/;CAC
МИЛЬГАММА 2МЛ. №10 Р-Р Д/В/М АМП.;CAC
ПРАДАКСА 110МГ. №180 КАПС. /БЕРИНГЕР/;CAC
СЕНИ ПОДГУЗНИКИ СУПЕР ПЛЮС АИР ЭКСТРА ЛАРЧ Д/ВЗР. Р.XL(4) №30 (130-170СМ.) [SENI];CAC
КЕСТИН 20МГ. №10 ТАБ. П/О;CAC
"НОЛИПРЕЛ А 2,5МГ.+0,625МГ. №30 ТАБ. П/П/О";CAC
ОРДИСС 16МГ. №30 ТАБ.;CAC
НЕБИЛЕТ 5МГ. №14 ТАБ. /МЕНАРИНИ/;CAC
"НО-ШПА 20МГ/МЛ. 2МЛ. №25 Р-Р Д/В/В,В/М АМП. /ХИНОИН/";CAC
ЭНТЕРОФУРИЛ 200МГ. №16 КАПС.;CAC
РЕНЮ Р-Р Д/ЛИНЗ MULTIPLUS 240МЛ. ФЛ. [RENU];CAC
ХОЛИСАЛ 10Г. ГЕЛЬ СТОМАТ. ТУБА;CAC
ЭТОРИАКС 90МГ. №7 ТАБ. П/П/О;CAC
АНАУРЕТТЕ СПРЕЙ Д/ОЧИЩ. УШНОЙ ПОЛОСТИ 15МЛ.;CAC
СПАЗГАН №100 ТАБ.;CAC
КАРДИОАКТИВ ТАУРИН 500МГ. №60 ТАБ. /ЭВАЛАР/;CAC
ПРОКТО-ГЛИВЕНОЛ 2% 30Г. КРЕМ РЕКТ. ТУБА;CAC
АТОПИК ГЕЛЬ Д/КУПАНИЯ С ГОЛОВЫ ДО ПЯТОК Д/ДЕТ. 0+ 200МЛ. ФЛ. [ATOPIC];CAC
ОКТОЛИПЕН 600МГ. №30 ТАБ. П/П/О /ФАРСТАНДАРТ-ЛЕКСРЕДСТВА/;CAC
РЕЛИФ 5МГ. №10 СУПП. РЕКТ.;CAC
"МИРАМИСТИН 0,01% 150МЛ. №1 Р-Р Д/МЕСТ.ПРИМ. ФЛ. С РАСП.";CAC
"ГУТТАСИЛ 7,5МГ/МЛ. 30МЛ. КАПЛИ Д/ПРИЕМА ВНУТРЬ ФЛ.";CAC
ФРАУ ТЕСТ НА ОВУЛЯЦИЮ №5 ТЕСТ-ПОЛОСКА [FRAUTEST];CAC
ФИТОЛАКС 500МГ. №40 ТАБ.ЖЕВ. /ЭВАЛАР/;CAC
ТРИГРИМ 5МГ. №30 ТАБ.;CAC
"ТАНТУМ ВЕРДЕ 0,255МКГ/ДОЗА 30МЛ. 176ДОЗ СПРЕЙ Д/МЕСТ.ПРИМ. ДОЗИР. ФЛ.";CAC
ТРИМЕДАТ 200МГ. №30 ТАБ.;CAC
НИМУЛИД 100МГ. №30 ТАБ.;CAC
ЧУЛОК КРУГЛОВЯЗ. ДО БЕДРА 2 КОМПРЕСС. ОТКРЫТ. МЫСОК Р.1 (48-54) КРЕМ /АРТ.ЧККВ-ЦК/;CAC
ПОЛИСОРБ МП 50Г. №1 ПОР. Д/СУСП. БАНКА;CAC
СИЛДЕНАФИЛ-СЗ 100МГ. №10 ТАБ. П/П/О /СЕВЕРНАЯ ЗВЕЗДА/;CAC
СИЛДЕНАФИЛ-СЗ 100МГ. №20 ТАБ. П/П/О /СЕВЕРНАЯ ЗВЕЗДА/;CAC
ПЕНТОКСИФИЛЛИН-СЗ 400МГ. №20 ТАБ.ПРОЛОНГ. П/О /СЕВЕРНАЯ ЗВЕЗДА/;CAC
АПИЗАРТРОН 20Г. №1 МАЗЬ Д/НАРУЖ. ПРИМ. ТУБА;CAC
"ФЕНИСТИЛ 0,1% 30Г. ГЕЛЬ Д/НАРУЖ.ПРИМ. ТУБА";CAC
ТЕРЕЗА МЕД ПОДГУЗНИКИ Д/ВЗР. ЭКСТРА Р.3 L №28 [TEREZA];CAC
ОФЛОМЕЛИД 100Г. МАЗЬ Д/НАРУЖ.ПРИМ. ТУБА /СИНТЕЗ/;CAC
ХАРТМАНН КОСМОПОР Е ПОВЯЗКА 20СМХ10СМ №25 П/ОПЕР. САМОКЛ. СТЕР. /АРТ.9010220/900876/ [HARTMANN COSMO;CAC
НЕОТАНИН СПРЕЙ Д/ДЕТ. И ВЗРОС. 100МЛ. ФЛ.;CAC
ЛИВ-52 №100 ТАБ.;CAC
ПРОСТАПЛАНТ 320МГ. №30 КАПС.;CAC
"ГРАММИДИН ДЕТСК. 1,5МГ+1МГ. №18 ТАБ. 4+";CAC
ЛИНЕКС ФОРТЕ №7 КАПС. /ЛЕК/;CAC
"СЕНАДЕ 13,5МГ. №500 ТАБ. /ЦИПЛА/";CAC
ФОСФАЛЮГЕЛЬ 16Г. №20 ГЕЛЬ Д/ПРИЕМА ВНУТРЬ ПАК.;CAC
МОМАТ РИНО 50МКГ/ДОЗА 60ДОЗ НАЗАЛ.СПРЕЙ ФЛ.;CAC
АТОПИК КРЕМ Д/ЕЖЕДН. УХОДА Д/ДЕТ. 0+ 100МЛ. ФЛ. [ATOPIC];CAC
ЦЕЛЕБРЕКС 200МГ. №30 КАПС.;CAC
"МОВАЛИС 7,5МГ. №20 ТАБ.";CAC
РОЗАРТ 10МГ. №90 ТАБ. П/П/О;CAC
РЕМЕНС №36 ТАБ. ПОДЪЯЗЫЧ. ГОМЕОПАТ.;CAC
НОВИНЕТ 150МКГ+20МКГ. №63 (21X3) ТАБ. П/О /ГЕДЕОН РИХТЕР/;CAC
"КСАЛАТАН 0,005% 2,5МЛ. №3 ГЛ.КАПЛИ ФЛ./КАП.";CAC
ВЕССЕЛ ДУЭ Ф 250ЕД №60 КАПС.;CAC
ПРЕДИЗИН 35МГ. №60 ТАБ.ПРОЛОНГ. П/П/О /ГЕДЕОН РИХТЕР/;CAC
ВЕЗИКАР 5МГ. №30 ТАБ. П/П/О /АСТЕЛЛАС/;CAC
СЕНИ ПОДГУЗНИКИ СУПЕР АИР ЭКСТРА ЛАРЧ Д/ВЗР. Р.XL(4) №30 (130-170СМ.) [SENI];CAC
КАПИЛАР 250МГ. №200 ТАБ.;CAC
"КОКАРНИТ 187,125МГ. №3 ЛИОФ. Д/Р-РА Д/В/М АМП. +Р-ЛЬ 2МЛ. №3 АМП.";CAC
МАГНЕЛИС В6 №90 ТАБ. П/О;CAC
КОНТЕКС ПРЕЗЕРВАТИВ LIGHTS ОСОБО ТОНКИЕ №12 [CONTEX];CAC
СТРЕЗАМ 50МГ. №60 КАПС.;CAC
МАКСИЛАК СИНБИОТИК №10 КАПС.;CAC
КАНЕФРОН Н №120 ТАБ. П/О;CAC
БЕТАСЕРК 16МГ. №30 ТАБ. /ЭББОТ/;CAC
ВИЛЬПРАФЕН СОЛЮТАБ 1000МГ. №10 ТАБ. ДИСПЕРГ. /АСТЕЛЛАС/;CAC
ТОНОМЕТР UA-604 П/АВТОМАТ [AND];CAC
"РИГЕВИДОН 0,15МГ+0,03МГ. №63 (21Х3) ТАБ. П/О /ГЕДЕОН РИХТЕР/";CAC
ОМРОН ТОНОМЕТР M2 БАЗИК АВТОМАТ АДАПТЕР /АРТ.HEM-7121-ARU/ [OMRON];CAC
ДОНА 750МГ. №60 ТАБ. П/О;CAC
"ТРАВАТАН 0,004% 2,5МЛ. №3 ГЛ.КАПЛИ ФЛ./КАП.";CAC
КОЛЕТЕКС КОЛЕГЕЛЬ-ДНК-Л ДЕРИНАТ+ЛИДОКАИН 100МЛ. ТУБА (САЛФЕТКА ГИДРОГЕЛЕВ.);CAC
ТРИМЕДАТ ФОРТЕ 300МГ. №60 ТАБ.ПРОЛОНГ. П/П/О;CAC
АЛЬФА НОРМИКС 200МГ. №28 ТАБ. П/П/О;CAC
АРТРАДОЛ 100МГ. №20 ЛИОФ. Д/Р-РА Д/В/М АМП.;CAC
АРКОКСИА 90МГ. №28 ТАБ. П/П/О;CAC
НЕБИВОЛОЛ-СЗ 5МГ. №56 ТАБ. /СЕВЕРНАЯ ЗВЕЗДА/;CAC
ЛОНГИДАЗА 3000МЕ №10 СУПП. РЕКТ./ВАГИН.;CAC
ИРУНИН 100МГ. №14 КАПС. /ВЕРОФАРМ/;CAC
ПОСТЕРИЗАН №10 СУПП. РЕКТ.;CAC
РАЗО 20МГ. №30 ТАБ.КШ/РАСТВ. П/О;CAC
"ВАЛЬСАКОР Н 160МГ.+12,5МГ. №90 ТАБ. П/П/О /KRKA/";CAC
"СФМ ШПРИЦ 10МЛ. 3-Х КОМП. 0,8Х40ММ 21G №100 [SFM]";CAC
НАЗОНЕКС 50МКГ/ДОЗА 18Г. 120ДОЗ №1 НАЗАЛ.СПРЕЙ ФЛ.;CAC
ДОРЗОПТ ПЛЮС 20+5МГ/МЛ. 5МЛ. ГЛ.КАПЛИ ФЛ./КАП.;CAC
АКВА МАРИС НОРМ ИНТЕНСИВ. ПРОМЫВАНИЕ 150МЛ. НАЗАЛ.СПРЕЙ;CAC
ДЮФАЛАК 667МГ/МЛ. 500МЛ. СИРОП ФЛ. +МЕРН.СТАКАН /ЭББОТТ/СОЛВЕЙ/;CAC
НО-ШПА 40МГ. №24 ТАБ. /ХИНОИН/;ABA
ПАНКРЕАТИН 25ЕД №60 ТАБ.КШ/РАСТВ. П/О БАНКА /БИОСИНТЕЗ/;ABA
ПУСТЫРНИКА НАСТОЙКА 25МЛ. ФЛ. /ГИППОКРАТ/;ABA
РАУНАТИН 2МГ. №50 ТАБ. П/О /ЗДОРОВЬЕ/;ABA
ФЕРРОГЕМАТОГЕН 50Г. ПАСТИЛКА ЖЕВ. (ПЛИТКА);ABA
"ПАСКАЛЬ ШПРИЦ 3-Х КОМП. 3МЛ. С ИГЛОЙ 22G 0,7Х40ММ. №10 [PASCAL]";ABA
АСПАРКАМ №60 ТАБ. /ФАРМАПОЛ-ВОЛГА/;ABA
"СВЯТОЙ ИСТОЧНИК ВОДА ПИТЬЕВАЯ 0,5Л. Н/ГАЗ. ПЭТ";ABA
КОРВАЛОЛ 25МЛ. КАПЛИ Д/ПРИЕМА ВНУТРЬ ФЛ. И/У /ФАРМСТАНДАРТ ЛЕКСРЕДСТВА/;ABA
ЭНАЛАПРИЛ 5МГ. №20 ТАБ. /ХЕМОФАРМ/;ABA
ЦИТРАМОН П №20 ТАБ. /МЕДИСОРБ/;ABA
ГЛИЦИН 100МГ. №100 ТАБ. ПОДЪЯЗЫЧ. /БИОТИКИ/;ABA
ОМЕПРАЗОЛ 20МГ. №30 КАПС. /ПРОИЗВОДСТВО МЕДИКАМЕНТОВ/;ABA
АНАЛЬГИН 500МГ. №20 ТАБ. /ФАРМСТАНДАРТ/;ABA
КОЛГЕЙТ ЗУБ.ЩЕТКА МАССАЖЕР МЯГКАЯ [COLGATE];ABA
ИНДОМЕТАЦИН-СОФАРМА 25МГ. №30 ТАБ.КШ/РАСТВ. П/О;ABA
ГЕПАРИНОВАЯ 25Г. МАЗЬ Д/НАРУЖ.ПРИМ. ТУБА /ЗЕЛЕНАЯ ДУБРАВА/;ABA
ВАЛОСЕРДИН 25МЛ. КАПЛИ Д/ПРИЕМА ВНУТРЬ ФЛ. /МОСФАРМА/;ABA
ВАЛИДОЛ 60МГ. №10 ТАБ. ПОДЪЯЗЫЧ. /ТАТХИМФАРМПРЕПАРАТЫ/;ABA
"РИНОНОРМ-ТЕВА 0,1% 140МКГ/ДОЗА 20МЛ. НАЗАЛ.СПРЕЙ ФЛ. /ТЕВА/";ABA
"БИСОПРОЛОЛ 2,5МГ. №30 ТАБ. П/П/О /ВЕРТЕКС/";ABA
АМОКСИЦИЛЛИН 500МГ. №16 КАПС. /ХЕМОФАРМ/;ABA
"РОМАШКИ ЦВЕТКИ 1,5Г. №20 ПАК. /КРАСНОГОРСК/";ABA
СИОФОР 500 №60 ТАБ. П/П/О /БЕРЛИН ХЕМИ/;ABA
КАФФЕТИН ЛАЙТ №12 ТАБ.;ABA
ЭНАЛАПРИЛ ГЕКСАЛ 10МГ. №50 ТАБ. /ГЕКСАЛ АГ/;ABA
КАЛЧЕК 5МГ. №30 ТАБ. /ИПКА/;ABA
КАПОТЕН 25МГ. №28 ТАБ. /АКРИХИН/;ABA
РЕВАЛГИН №20 ТАБ.;ABA
ЭВКАЛИПТ М №24 ПАСТИЛКИ;ABA
НАСОБЕК 50МКГ/ДОЗА 200ДОЗ №1 НАЗАЛ.СПРЕЙ ФЛ. /ТЕВА/;ABA
"ОКВИС ПРОТЕКТОР ЭПИТЕЛИЯ РОГОВОЦЫ 0,3% 5МЛ. ФЛ./КАП.";ABA
АМОКСИЦИЛЛИН САНДОЗ 1000МГ. №12 ТАБ. П/О БЛИСТЕР /САНДОЗ/;ABA
"СУПРАСТИН 2% 1МЛ. №5 Р-Р Д/В/В,В/М АМП. /ЭГИС/";ABA
КОРВАЛОЛ №20 ТАБ. /ЮЖФАРМ/;ABA
ЛЕЙКО ПЛАСТЫРЬ МОЗОЛЬНЫЙ №6 [LEIKO];ABA
КАМЕТОН 45Г. АЭРОЗОЛЬ Д/МЕСТ.ПРИМ. БАЛЛОН /ФАРМСТАНДАРТ ЛЕКСРЕДСТВА/;ABA
ЛАПЧАТКА КОРНЕВИЩА 50Г. ПАК. /ЗДОРОВЬЕ/;ABA
КАРБАМАЗЕПИН-АЛСИ 200МГ. №40 ТАБ. /АЛСИ/;ABA
СУПРАСТИН 25МГ. №20 ТАБ. /ЭГИС/;ABA
"ПАСКАЛЬ ШПРИЦ 3-Х КОМП. 2МЛ. С ИГЛОЙ 23G 0,6Х30ММ. №10 [PASCAL]";ABA
ЗВЕРОБОЯ ТРАВА 50Г. /КРАСНОГОРСК/;ABA
БЛЕФАРОЛОСЬОН ЛОСЬОН КОСМЕТ. Д/ВЕК 15МЛ. ФЛ.;ABA
ЛЕЙКОПЛАСТЫРЬ 5Х500 ТКАН.ОСНОВА КАТУШКА КАРТОН /ВЕРОФАРМ/;ABA
ВЕРОШПИРОН 25МГ. №20 ТАБ. /ГЕДЕОН РИХТЕР/;ABA
РИБОКСИН АВЕКСИМА 200МГ. №50 ТАБ. П/П/О;ABA
"ИНДАПАМИД 2,5МГ. №30 ТАБ. П/О /ХЕМОФАРМ/";ABA
АЗИТРОМИЦИН 500МГ. №3 КАПС. /ПРОИЗВОДСТВО МЕДИКАМЕНТОВ/ ПроМед/;ABA
ФУНДИЗОЛ КРЕМ Д/НОГТЕЙ И КОЖИ 30МЛ.;ABA
ВАЗЕЛИНОВОЕ МАСЛО Д/ПРИЕМА ВНУТРЬ 100МЛ. №1 ФЛ. /ФЛОРА КАВКАЗА/;ABA
"ЦЕФТРИАКСОН 1Г. №1 ПОР. Д/Р-РА Д/В/В,В/М ФЛ. /ПРОМОМЕД/БИОХИМИК/";ABA
АЦИКЛОВИР-БЕЛУПО 5% 10Г. №1 КРЕМ Д/НАРУЖ.ПРИМ. ТУБА /БЕЛУПО/;ABA
"СИНАФЛАН 0,025% 15Г. МАЗЬ Д/НАРУЖ.ПРИМ. ТУБА /МУРОМСКИЙ ЗАВОД/";ABA
ТЕТРАЦИКЛИНОВАЯ 1% 5Г. ГЛ. МАЗЬ ТУБА /ТАТХИМФАРМ/;ABA
ВОДА 2МЛ. №10 Д/ИН. АМП. /ФАРМАСИНТЕЗ/;ABA
СТОПСЕПТ ПЛЮС 90% 100МЛ. ДЕЗ.СР-ВО ФЛ.;ABA
"ЦЕФТРИАКСОН 1Г. №1 ПОР. Д/Р-РА Д/В/В,В/М ФЛ. /БИОСИНТЕЗ/";ABA
ВАЛЕРИАНЫ НАСТОЙКА 25МЛ. ФЛ. /ГИППОКРАТ/;ABA
ТАУРИН 4% 10МЛ. ГЛ.КАПЛИ ФЛ./КАП. /СЛАВЯНСКАЯ АПТЕКА/;ABA
ДИКЛОФЕНАК 25МГ/МЛ. 3МЛ. №5 Р-Р Д/В/М ВВЕД. АМП. /ХЕМОФАРМ/;ABA
НУРОФЕН 100МГ/5МЛ. 100МЛ. СУСП. КЛУБНИКА Д/ДЕТЕЙ ФЛ. /РЕКИТТ БЕНКИЗЕР/;ABA
ПИКАМИЛОН 20МГ. №30 ТАБ. /ФАРМСТАНДАРТ/;ABA
БИФИДУМБАКТЕРИН 5ДОЗ №10 ЛИОФ. Д/СУСП. Д/ПРИЕМА ВНУТРЬ И МЕСТ.ПРИМ. ФЛ. /ЭКОПОЛИС/;ABC
АСПЕРА СУПЕРЧИСТОТЕЛ 3МЛ. ФЛ.;ABC
ЛЕКРОЛИН 20МГ/МЛ. 10МЛ. №1 ГЛ.КАПЛИ ФЛ. /САНТЭН/;ABC
МИГ 400МГ. №20 ТАБ. П/П/О /БЕРЛИН-ХЕМИ/;ABC
НОЛЬПАЗА 20МГ. №14 ТАБ.КШ/РАСТВ. П/О /KRKA/;ABC
ФЛУИМУЦИЛ 600МГ. №10 ШИП.ТАБ. /ЗАМБОН/;ABC
МЕЗИМ-ФОРТЕ №20 ТАБ. П/О /БЕРЛИН-ХЕМИ/;ABC
L-ТИРОКСИН 50МКГ. №50 ТАБ. /БЕРЛИН ХЕМИ/;ABC
ПАНАНГИН 158МГ+140МГ. №50 ТАБ. П/П/О /ГЕДЕОН РИХТЕР/;ABC
ЛЕЙКОПЛАСТЫРЬ 2Х500 ТКАН.ОСНОВА КАТУШКА КАРТОН /ВЕРОФАРМ/;ABC
ВОЛЬТАРЕН 25МГ/МЛ. 3МЛ. №5 Р-Р Д/В/М АМП. /НОВАРТИС/ГЛАКСО/;ABC
БИСОПРОЛОЛ 5МГ. №60 ТАБ. П/П/О /ВЕРТЕКС/;ABC
БРАЛ 500МГ. №20 ТАБ.;ABC
ЙОДА 5% 25МЛ. №1 СПИРТ. Р-Р Д/НАРУЖ.ПРИМ. ФЛ. /ТУЛЬСКАЯ ФФ/;ABC
"БИСОПРОЛОЛ 2,5МГ. №60 ТАБ. П/О /ВЕРТЕКС/";ABC
СТРЕПТОЦИД 10Г. №1 ПОР. Д/НАРУЖ.ПРИМ. БАНКА ДОЗ. /ЛЕКАРЬ/;ABC
СОТАГЕКСАЛ 80МГ. №20 ТАБ. /ГЕКСАЛ АГ/;ABC
"РИНОСТОП 0,1% 15МЛ. НАЗАЛ.СПРЕЙ ФЛ. /ОТИСИФАРМ/ЛЕККО/ФАРМСТАНДАРТ ЛЕКСРЕДСТВА/";ABC
ДЕ-НОЛ 120МГ. №32 ТАБ. П/П/О /АСТЕЛЛАС/;CBC
ЮНИДОКС СОЛЮТАБ 100МГ. №10 ТАБ.ДИСПЕРГ. /АСТЕЛЛАС/;CBC
ЛЕРКАНИДИПИН-СЗ 10МГ. №30 ТАБ.П/О /СЕВЕРНАЯ ЗВЕЗДА/;CBC
НАЙЗ 1% 50Г. №1 ГЕЛЬ Д/НАРУЖ.ПРИМ. ТУБА;CBC
ДИМЕКСИД 99% 100МЛ. КОНЦ. Д/Р-РА Д/НАРУЖ.ПРИМ. ФЛ. /ЙОДНЫЕ ТЕХНОЛОГИИ И МАРКЕТИНГ/;CBC
ОМНИТУС 50МГ. №10 ТАБ. МОДИФ.ВЫСВ. П/П/О;CBC
ДЕСИТИН 57Г./50МЛ. КРЕМ ТУБА;CBC
АТОРВАСТАТИН-СЗ 40МГ. №30 ТАБ. П/П/О /СЕВЕРНАЯ ЗВЕЗДА/;CBC
АМЕЛОТЕКС 1% 50Г. №1 ГЕЛЬ Д/НАРУЖ.ПРИМ. ТУБА;CBC
СИРДАЛУД 4МГ. №30 ТАБ. /НОВАРТИС/;CBC
ПСИЛО-БАЛЬЗАМ 20Г. ГЕЛЬ Д/НАРУЖ.ПРИМ.;CBC
МОТИЛЕГАЗ ФОРТЕ 120МГ. №20 КАПС.;CBC
ГЕКСОРАЛ ТАБС КЛАССИК №16 АПЕЛЬСИН ТАБ. Д/РАСС.;CBC
КЛАРИТРОМИЦИН 500МГ. №14 ТАБ. П/П/О /РЕПЛЕКФАРМ/БЕРЕЗОВСКИЙ/;CBC
ГРАММИДИН НЕО 3МГ+1МГ. №18 ТАБ. Д/РАСС.;CBC
КОНКОР 10МГ. №30 ТАБ. П/П/О /МЕРК/;CBC
НЕОТРАВИСИЛ МЯТА №24 ПАСТИЛКИ [NEOTRAVISIL];CBC
ЛОЗАРТАН-КАНОН 100МГ. №60 ТАБ. П/О /КАНОНФАРМА/;CBC
АЛЛЕРВЭЙ 5МГ. №10 ТАБ. П/О;CBC
БЕТАДИН 10% 120МЛ. №1 Р-Р Д/МЕСТ. И НАРУЖ.ПРИМ. ФЛ. /ЭГИС/;CBC
ТАВЕГИЛ 1МГ. №20 ТАБ.;CBC
КРЕОН 10000 №20 КАПС. КШ/РАСТВ. ФЛ. /ЭББОТТ/;CBC
АТОРВАСТАТИН-СЗ 10МГ. №60 ТАБ. П/П/О /СЕВЕРНАЯ ЗВЕЗДА/;CBC
ФЛАМИН 50МГ. №30 ТАБ. /ВИФИТЕХ/;CBC
ОПТИ ФРИ КАПЛИ Д/ГЛАЗ УВЛАЖН. 15МЛ. [OPTI-FREE];CBC
"ДЕКСАМЕТАЗОН-ФЕРЕЙН 4МГ/МЛ. 1МЛ. №25 Р-Р Д/В/В,В/М АМП. /ФЕРЕЙН/";CBC
БАЛЬЗАМ КАРАВАЕВА ВИТАОН 30МЛ. Д/ПОЛОСТИ РТА ФЛ.;CBC
ТЕНОРИК 100МГ.+25МГ. №28 ТАБ. П/П/О;CBC
ФУРАДОНИН 100МГ. №20 ТАБ. /ОЛАЙНФАРМ/;CBC
РЕГЕЦИН 15Г. ГЕЛЬ П/УГРЕВОЙ СЫПИ;CBC
КСИМЕЛИН ЭКСТРА 84МКГ/ДОЗА+70МКГ/ДОЗА 10МЛ. №1 НАЗАЛ.СПРЕЙ ДОЗИР. ФЛ.;CBC
СТРЕПСИЛС МЕНТОЛ+ЭВКАЛИПТ №24 ТАБ. Д/РАСС.;CBC
ЛАРИПРОНТ №20 ТАБ. Д/РАСС.;CBC
СИЛДЕНАФИЛ-СЗ 25МГ. №20 ТАБ. П/П/О /СЕВЕРНАЯ ЗВЕЗДА/;CBC
О.Б. ТАМПОНЫ ПРОКОМФОРТ МИНИ №16 [OB];CBC
МАКСИКОЛД РИНО МАЛИНА 15Г. №10 ПОР. Д/Р-РА Д/ПРИЕМА ВНУТРЬ ПАК.;CBC
АСЕПТА ПАРОДОНТАЛ ЗУБ.ПАСТА АКТИВ ПРОФИЛ. 75МЛ.;CBC
МАСКА МЕД. ЛАТИО ДЕТСКАЯ ТРЕХСЛОЙНАЯ (3-Х) РИСУНОК №50 И/У [LATIO];CBC
ЦИНК+ ВИТ.С 270МГ. №50 ТАБ. /ЭВАЛАР/;CBC
"НАЗИВИН СЕНСИТИВ 22,5МКГ/ДОЗА 10МЛ. №1 6+ НАЗАЛ.СПРЕЙ ФЛ.";CBC
"АМОКСИКЛАВ 250МГ.+62,5МГ/5МЛ. 25Г. 100МЛ. ПОР. Д/СУСП. Д/ПРИЕМА ВНУТРЬ ФЛ. +ПИПЕТ.ДОЗИР. /ЛЕК/";CBC
НУРОФЕН ЭКСПРЕСС 200МГ. №16 КАПС. /РЕКИТТ БЕНКИЗЕР/;CBC
КЕТОПРОФЕН-АКОС 5% 50Г. ГЕЛЬ Д/НАРУЖ.ПРИМ. ТУБА /СИНТЕЗ/;CBC
ПЕРИНДОПРИЛ-СЗ 8МГ. №30 ТАБ. /СЕВЕРНАЯ ЗВЕЗДА/;CBC
ГАСТАЛ №12 ТАБ. Д/РАСС.;CBC
ГЕКСОРАЛ ТАБС КЛАССИК №16 ЛИМОН ТАБ. Д/РАСС.;CBC
"КАРДИОМАГНИЛ 75МГ.+15,2МГ. №100 ТАБ.";CBC
БЕТАЛОК ЗОК 50МГ. №30 ТАБ.ПРОЛОНГ. П/О /АСТРА ЗЕНЕКА/;CBC
ДИАКАРБ 250МГ. №30 ТАБ. /АКРИХИН/;CBC
СЛАБИЛЕН 5МГ. №20 ТАБ. П/П/О /ВЕРОФАРМ/;CBC
РУТАЦИД 500МГ. №20 ТАБ.ЖЕВ. /KRKA/;CBC
КАГОЦЕЛ 12МГ. №10 ТАБ. /НИАРМЕДИК ПЛЮС/;CBC
ЭМОКСИ-ОПТИК 10МГ/МЛ. 5МЛ. №1 ГЛ.КАПЛИ /СИНТЕЗ/;CBC
ПИНОСОЛ 10МЛ. НАЗАЛ.КАПЛИ ФЛ./КАП.;CBC
АТОРВАСТАТИН-СЗ 20МГ. №30 ТАБ. П/П/О /СЕВЕРНАЯ ЗВЕЗДА/;CBC
РЕНГАЛИН №20 ТАБ. Д/РАСС.;CBC
НУРОФЕН 200МГ. №20 ТАБ. П/О /РЕКИТТ БЕНКИЗЕР/;CBC
ПРОТАРГОЛ-ЛОР 200МГ. №1 ТАБ. Д/Р-РА Д/МЕСТ.ПРИМ. ФЛ.;CBC
ТОРАСЕМИД-СЗ 5МГ. №60 ТАБ. /СЕВЕРНАЯ ЗВЕЗДА/;CBC
ДИКЛОФЕНАК-АКОС 5% 50Г. ГЕЛЬ Д/НАРУЖ.ПРИМ. ТУБА /СИНТЕЗ/;CBC
НЕМОЗОЛ 400МГ. №1 ТАБ. П/П/О;CBC
ЗОЛОТОЙ ШЕЛК ШАМПУНЬ-УКРЕП. КОРНЕЙ П/ВЫПАД. 400МЛ.;CBC
ГЕКСОРАЛ ТАБС №20 ТАБ. Д/РАСС.;CBC
РОКС ЗУБ.ЩЕТКА МЕДИКАЛ ЭКСТРА МЯГКАЯ [ROCS];CBC
"ТЕНОРИК 50МГ.+12,5МГ. №28 ТАБ. П/П/О";CBC
КОТЕКС ПРОКЛАДКИ УЛЬТРА СУПЕР СОФТ №8 [KOTEX];CBC
ВИТАМИН Д3 ХОЛЕКАЛЬЦИФЕРОЛ 2000МЕ 570МГ. №30 КАПС. /РЕАЛКАПС/;CBC
ЗИННАТ 250МГ. №10 ТАБ. П/П/О /ГЛАКСО/;CBC
ЦЕТРИН 10МГ. №30 ТАБ. П/П/О /Д-Р РЕДДИ/;CBC
НЕКСИУМ 20МГ. №28 ТАБ. П/О /АСТРА ЗЕНЕКА/;CBC
НО-ШПА 40МГ. №64 ТАБ. ФЛ. ДОЗАТОР /ХИНОИН/;CBC
"КОДЕЛАК НЕО 1,5МГ/МЛ. 100МЛ. №1 СИРОП ФЛ.";CBC
МЕЛОКСИКАМ-ТЕВА 15МГ. №10 ТАБ.;CBC
МОЕ СОЛНЫШКО САЛФЕТКИ ВЛАЖН. ПАНТЕНОЛ №70;CBC
КОЛДАКТ ФЛЮ ПЛЮС №10 КАПС.ПРОЛОНГ;CBC
МОЕ СОЛНЫШКО ГЕЛЬ-КРЕМ Д/КУПАНИЯ АБРИКОСОВЫЙ ОСТРОВ 400МЛ.;CBC
"КЕТОНАЛ 50МГ/МЛ. 2МЛ. №10 Р-Р Д/В/В,В/М АМП. /ЛЕК/";CBC
ЛЕСПЕФРИЛ 100МЛ. Р-Р Д/ПРИЕМА ВНУТРЬ ФЛ. /ВИФИТЕХ/;CBC
"БОРЖОМИ ВОДА МИНЕР. ГАЗ. 0,5Л. СТЕКЛО";CBC
ФУРАЗОЛИДОН АВЕКСИМА 50МГ. №20 ТАБ. /ИРБИТСКИЙ/;CBC
АНГЕЛ ПОВЯЗКА ПЛАСТЫРНОГО ТИПА БАКТЕР. 9Х10СМ. №10 [ANGEL];CBC
ИМОДИУМ ЭКСПРЕСС 2МГ. №10 ТАБ.ЛИОФ. /ЯНССЕН/;CBC
ОЛВЭЙЗ ПРОКЛАДКИ УЛЬТРА НОРМАЛ №10 [ALWAYS];CBC
ВИТАМИР ЯНТАРНАЯ КИСЛОТА ФОРТЕ 620МГ. №30 ТАБ. /КВАДРАТ-С/;CBC
НАЙЗ 100МГ. №20 ТАБ.;CBC
Д.ТАЙСС АНГИ СЕПТ МЕД+ЛИПА №24 ТАБ. Д/РАСС.;CBC
"ЦИТРОДЖЕКС(ВИТАМИН С 900) 3,8Г. №20 ТАБ.БЫСТРОРАСТВ.";CBC
ИНГАЛИПТ-ВИАЛАЙН ГОТОВОЕ ПОЛОСКАНИЕ 200МЛ. Р-Р ФЛ.;CBC
НЕО-АНГИН №24 ТАБ. Д/РАСС. САХ.;CBC
Д.ТАЙСС АНГИ СЕПТ ЛИМОН №24 ТАБ. Д/РАСС.;CBC
ЭВЕРС-ЛАЙФ МАРЛЯ 5М. №1 [EVERS LIFE];CBC
КОМПЛИВИТ №60 ТАБ. П/О;CBC
КОМПЛИВИТ КАЛЬЦИЙ Д3 500МГ.+200МЕ АПЕЛЬСИН №30 ТАБ.ЖЕВ.;CBC
ХАРТМАНН ПЕХА-ХАФТ БИНТ САМОФИКС. КОГЕЗИВ. 4МХ6СМ. БЕЛ. /АРТ.9324841/9324842/ [HARTMANN PEHA-HAFT];CBC
АМЛОДИПИН-ТЕВА 5МГ. №30 ТАБ. /ТЕВА/;CBC
ЛИПРИМАР 10МГ. №30 ТАБ. П/П/О /ГЕДЕКЕ/ПФАЙЗЕР/;CBC
АДЖИСЕПТ МЕД+ЛИМОН №24 ТАБ. Д/РАСС.;CBC
ЗУЛА ЛЕДЕНЦЫ ЭВКАЛИПТ +ВИТ.С 60Г. Б/САХ. ПАК. [SULA];CBC
ГЛИЦИН ФОРТЕ 300/600МГ. №60 ТАБ. Д/РАСС. /ЭВАЛАР/;CBC
L-ТИРОКСИН 100МКГ. №100 ТАБ. /БЕРЛИН ХЕМИ/;CBC
ДИКЛОФЕНАК 1% 40Г. ГЕЛЬ Д/НАРУЖ.ПРИМ. ТУБА /ХЕМОФАРМ/;CBC
ФЛОРЕСАН РЕПЕЙНИК МАСКА-КОМПРЕСС ГОРЯЧАЯ 450Г. Ф-86 [FLORESAN];CBC
ВИФЕРОН 40000МЕ 12Г. МАЗЬ Д/МЕСТ. И НАРУЖ.ПРИМ. ТУБА /ФЕРОН/;CBC
СПЛАТ ЗУБ.ПАСТА БИОКАЛЬЦИЙ 100МЛ. [SPLAT];CBC
ВЕНТОЛИН 100МКГ/ДОЗА 200ДОЗ №1 АЭРОЗОЛЬ Д/ИНГ. /ГЛАКСО/;CBC
ВАЛЕМИДИН 25МЛ. КАПЛИ Д/ПРИЕМА ВНУТРЬ ФЛ.;CBC
АДЖИСЕПТ МЕНТОЛ+ЭВКАЛИПТ №24 ТАБ. Д/РАСС.;CBC
НУРОФЕН 12+ 200МГ. №12 ТАБ. П/О /РЕКИТТ БЕНКИЗЕР/;CBC
"НАЗИВИН 0,05% 10МЛ. №1 6+ НАЗАЛ.КАПЛИ ФЛ./КАП.";CBC
СИЛДЕНАФИЛ-СЗ 50МГ. №4 ТАБ. П/П/О /СЕВЕРНАЯ ЗВЕЗДА/;CBC
СОТАГЕКСАЛ 160МГ. №20 ТАБ. /ГЕКСАЛ АГ/;CBC
КОНКОР 5МГ. №30 ТАБ. П/П/О /МЕРК/;CBC
МИРРОЛЛА ШАМПУНЬ ЛУКОВЫЙ + КРАСНЫЙ ПЕРЕЦ 150МЛ. [MIRROLLA];CBC
МОЕ СОЛНЫШКО ГЕЛЬ Д/ПОДМЫВ. МЛАДЕНЦЕВ ГИПОАЛЛЕРГ. 400МЛ.;CBC
АКВАДЕТРИМ 15000МЕ/МЛ. 10МЛ. КАПЛИ Д/ПРИЕМА ВНУТРЬ ФЛ./КАП. (ВИТАМИН Д3 ВОДН.Р-Р) /МЕДАНА/;CBC
"СЛАБИКАП 7,5МГ/МЛ. 10МЛ. КАПЛИ Д/ПРИЕМА ВНУТРЬ ФЛ./КАП. /СИНТЕЗ/";CBC
"САНОРИН 0,1% 10МЛ. №1 С МАСЛОМ ЭВКАЛИПТА НАЗАЛ.КАПЛИ ФЛ.";CBC
НОРМОДИПИН 5МГ. №30 ТАБ. /ГЕДЕОН РИХТЕР/;CBC
РАСТОРОПША №100 ТАБ.;CBC
"АКРИДЕРМ 0,05% 30Г. №1 КРЕМ Д/НАРУЖ.ПРИМ. ТУБА /АКРИХИН/";CBC
ДОКТОР МОМ №20 ПАСТИЛКИ АПЕЛЬСИН;CBC
ЛЕСНОЙ БАЛЬЗАМ ОПОЛАСК. Д/РТА П/КРОВОТОЧИВОСТИ ДЕСЕН КОРА ДУБА+ПИХТА 250МЛ.;CBC
"ДЕКСАМЕТАЗОН РЕНЕВАЛ 0,1% 10МЛ. №1 ГЛ.КАПЛИ ТЮБ./КАП. /RENEWAL/";CBC
ТИЗАЛУД 2МГ. №30 ТАБ. /ВЕРОФАРМ/;CBC
"КАРДИАСК МАГНИЙ 75МГ.+15,2МГ. №100 ТАБ. П/П/О /КАНОНФАРМА/";CBC
L-ТИРОКСИН 150МКГ. №100 ТАБ. /БЕРЛИН ХЕМИ/;CBC
СПАЗГАН №20 ТАБ.;CBC
ЦЕТРИН 10МГ. №20 ТАБ. П/П/О /Д-Р РЕДДИ/;CBC
ЗВЕЗДОЧКА ФЛЮ ЛИМОН 15Г. №5 ПОР. Д/Р-РА Д/ПРИЕМА ВНУТРЬ ПАК.;CBC
ТИРОЗОЛ 5МГ. №50 ТАБ. П/П/О /МЕРК/;CBC
ФРЕНЧИ УМНАЯ ЭМАЛЬ ВОССТ. ПОВР. НОГТЕЙ 15/11МЛ. /АРТ.12069/;CBC
ДИФЛЮКАН 150МГ. №1 КАПС. /ПФАЙЗЕР/;CBC
СМЕКТА ВАНИЛЬ 3Г. №20 ПОР. Д/СУСП. Д/ПРИЕМА ВНУТРЬ ПАК. /ИПСЕН/;CBC
БУТАДИОН 5% 20Г. МАЗЬ Д/НАРУЖ.ПРИМ. ТУБА /ОЗОН/;CBC
ХАРТМАНН ПЕХА-ХАФТ БИНТ САМОФИКС. КОГЕЗИВ. 4МХ4СМ. БЕЛ. /АРТ.932483/ [HARTMANN PEHA-HAFT];CBC
"ЛАПЧАТКА КОРНЕВИЩА 2,5Г. №20 ПАК. /КРАСНОГОРСК/";CBC
СИЛИМАР 100МГ. №30 ТАБ.;CBC
ЙОДОМАРИН 200 №100 ТАБ. /БЕРЛИН ХЕМИ/;CBC
ДИАДЕРМ КРЕМ-ТАЛЬК Д/ТЕЛА П/ОПРЕЛОСТЕЙ 75МЛ. /АВАНТА/;CBC
ТЕМПАЛГИН №20 ТАБ. П/П/О;CBC
АНТИ-ЭЙДЖ ВИТАМИН Д3 500МЕ 10МЛ. №1 МАСЛ. Р-Р Д/ПРИЕМА ВНУТРЬ ФЛ./КАП. /ЭВАЛАР/ [ANTI-AGE];CBC
"ДЕКСАМЕТАЗОН 0,1% 10МЛ. ГЛ.КАПЛИ ФЛ. /РОМФАРМ/";CBC
ФУРАЗОЛИДОН РЕНЕВАЛ 50МГ. №20 ТАБ. И/У /ОБНОВЛЕНИЕ/;CBC
БРОМГЕКСИН 8 БЕРЛИН-ХЕМИ 8МГ. №25 ТАБ. П/О /БЕРЛИН ХЕМИ/;CBC
МИЛУРИТ 100МГ. №50 ТАБ. /ЭГИС/;CBC
"АУГМЕНТИН 200МГ.+28,5МГ/5МЛ. 7,7Г. 70МЛ. ПОР. Д/СУСП. Д/ПРИЕМА ВНУТРЬ ФЛ. /ГЛАКСО/";CBC
МИРРОЛЛА СУЛЬСЕН ФОРТЕ ШАМПУНЬ 2% КЕТОКОНАЗОЛ 250МЛ. ФЛ.;CBC
АМЛОДИПИН 10МГ. №60 ТАБ. /ВЕРТЕКС/;CBC
ПАНТОКРИН 50МЛ. ЭКСТРАКТ Д/ПРИЕМА ВНУТРЬ ФЛ. /ФАРМСТАНДАРТ/;CBC
СТРЕПСИЛС ВИТ. С АПЕЛЬСИН №24 ТАБ. Д/РАСС.;CBC
МЕКСИКОР 100МГ. №60 КАПС. /ЭКОФАРМИНВЕСТ/;CBC
ТЕРБИНАФИН 1% 30Г. КРЕМ Д/НАРУЖ.ПРИМ. ТУБА /ВЕРТЕ/;CBC
АТОРИС 20МГ. №30 ТАБ. П/П/О /KRKA/;CBC
ПРЕГИНОР 550МГ. №10 КАПС.;CBC
АЙДИ ПРОТЕКТ ПЕЛЕНКИ ОДНОР. ВПИТ. 60Х90 №10 [ID];CBC
АЛМАГЕЛЬ А 170МЛ. №1 СУСП. Д/ПРИЕМА ВНУТРЬ ФЛ. /БАЛКАН ФАРМА-ТРОЯН/;CBC
ГЕВИСКОН МЯТА №24 ТАБ.ЖЕВ.;CBC
РИНЗАСИП С ВИТ.С ЛИМОН 5Г. №10 ПОР. Д/Р-РА Д/ПРИЕМА ВНУТРЬ ПАК.;CBC
БИКСИТОР 60МГ. №10 ТАБ. П/П/О;CBC
МИКОСТОП СПРЕЙ Д/НОГ И Д/ОБУВИ ПРОФИЛАКТИКА ГРИБКА 150МЛ. ФЛ.;CBC
ДИКЛОФЕНАК-АКОС 5% 100Г. ГЕЛЬ Д/НАРУЖ.ПРИМ. ТУБА /СИНТЕЗ/;CBC
ДЮФАЛАК 667МГ/МЛ. 200МЛ. СИРОП ФЛ. +МЕРН.СТАКАН /ЭББОТТ/СОЛВЕЙ/;CBC
СУПРАСТИНЕКС 5МГ. №7 ТАБ. П/П/О;CBC
ГИПОСАРТ 8МГ. №28 ТАБ.;CBC
"СТОПАНГИН-ТЕВА 0,2% 30МЛ. СПРЕЙ Д/МЕСТ.ПРИМ. ФЛ.";CBC
КРЕМ ДЕТСКИЙ РОМАШКА+ВИТ.А+F 75МЛ. /АВАНТА/;ACA
"НАФТИЗИН 0,1% 15МЛ. НАЗАЛ.КАПЛИ ФЛ./КАП. /СЛАВЯНСКАЯ АПТЕКА/";ACA
ПАКЕТ;ACA
БОРНАЯ К-ТА 10Г. ДЕЗ.СР-ВО ПОР. (НДС 20%);ACA
ГЕМАТОГЕН РУССКИЙ ДЕТСКИЙ 40Г. ПЛИТКА /ФАРМ-ПРО/;ACA
ЛЕЙКОПЛАСТЫРЬ БАКТЕР. 4Х10 №1 /ВЕРОФАРМ/;ACA
ПЕРЕКИСЬ ВОДОРОДА 3% 100МЛ. №1 Р-Р ДЕЗ.СР-ВО ФЛ. (НДС 20%);ACA
ЛЕЙКОПЛАСТЫРЬ БАКТЕР. 6X10 №1 /ВЕРОФАРМ/;ACA
"Карта LOYALITY 0,01Р";ACA
КОНТЕЙНЕР Д/СБОРА БИОМАТЕРИАЛА 100МЛ. СТЕР. (БАНКА);ACA
МАСКА МЕД. ТРЕХСЛОЙНАЯ (3-Х) НА РЕЗИНКЕ №5;ACA
ХЕЛП БИНТ СТЕР. 7МХ14СМ И/У [HELP];ACA
АСКОРБИНКА ЛУНТИК ВИТ.С №10 ТАБ. (30Г.) /ФАРМ-ПРО/ТИГОДА-ФАРМ/;ACA
БРИЛЛИАНТОВЫЙ ЗЕЛЕН 1% 25МЛ. №1 СПИРТ. Р-Р Д/НАРУЖ.ПРИМ. ФЛ. /САМАРАМЕДПРОМ/ЖЕНЕЛ/;ACA
ДОКТОР ПЕРЕЦ ЛЕЙКОПЛАСТ. ПЕРЦОВЫЙ 6X10 №1 ПЕРФ. /ВЕРОФАРМ/;ACA
ЛЮКСПЛАСТ ЛЕЙКОПЛАСТ. БАКТЕР. 19Х72ММ ПЕРФ. ТЕЛЕСН. ПОЛИМЕР. №10 [LUXPLAST];ACA
ДОКТОР ПЕРЕЦ ЛЕЙКОПЛАСТ. ПЕРЦОВЫЙ 10X18 №1 ПЕРФ. /ВЕРОФАРМ/;ACA
КАЛЕНДУЛЫ НАСТОЙКА 25МЛ. ФЛ. /ГИППОКРАТ/;ACA
ПЕРЕКИСЬ ВОДОРОДА 3% 200МЛ. Р-Р ФЛ. ПЛАСТ. /ЛЕКАРЬ/;ACA
ПАРАЦЕТАМОЛ 500МГ. №20 ТАБ. /ФАРМСТАНДАРТ/;ACA
МЕРИДИАН МОЧЕПРИЕМНИК ДЕТСКИЙ PD2200 200МЛ. [MERIDIAN];ACA
ЦИТРАМОН П №10 ТАБ. /ФАРМСТАНДАРТ/;ACA
СФМ СИСТЕМА Д/ПЕРЕЛИВ. ИНФУЗ. Р-РОВ №1 ПЛАСТ.ИГЛА [SFM];ACA
ГЛИЦИН 100МГ. №50 ТАБ. ПОДЪЯЗЫЧ. /БИОТИКИ/;ACA
АСКОРБИНОВАЯ К-ТА 25МГ. ВИШНЯ №10 ТАБ. КРУТКА САХ. /АСКОПРОМ/;ACA
СИЛЬВЕР КАПИТАН БАТОНЧИК КОКОС БЕЛ.ГЛАЗ. 50Г.;ACA
АСКОРБИНКА ЛУНТИК ВИТ.С КЛУБНИКА №10 ТАБ. (30Г.) /ФАРМ-ПРО/ТИГОДА-ФАРМ/;ACA
МЕТРОГИЛ 5МГ/МЛ. 100МЛ. №1 Р-Р Д/ИНФ. ФЛ. /ЮНИК/;ACA
"БИОВИТА ВОДА ПИТЬЕВАЯ СТРУКТУР. 0,6Л. Н/ГАЗ. [BIOVITA]";ACA
"РИНОСТОП 0,1% 10МЛ. НАЗАЛ.КАПЛИ ФЛ./КАП. /ОТИСИФАРМ/ЛЕККО/ФАРМСТАНДАРТ ЛЕКСРЕДСТВА/";ACA
РЕТИНОЛА АЦЕТАТ 33000МЕ №30 КАПС. (ВИТАМИН А) /МЕЛИГЕН/;ACA
СТАРЫЙ ИСТОЧНИК СЛАВЯНОВСКАЯ ВОДА МИНЕР. ЭЛИТНАЯ 1Л.;ACA
КОНТЕЙНЕР Д/СБОРА БИОМАТЕРИАЛА 60МЛ. +ШПАТЕЛЬ СТЕР. И/У (БАНКА);ACA
ИБУПРОФЕН 200МГ. №50 ТАБ. П/О /БОРИСОВСКИЙ/;ACA
"ЛЕЙКОПЛАСТЫРЬ БАКТЕР. 2,5Х7,2 №1 /ВЕРОФАРМ/";ACA
"ЭВО ПАНТЕНОЛ ПОМАДА ГИГИЕН. 2,8Г. [EVO] /АВАНТА/";ACA
МЕТРОНИДАЗОЛ 250МГ. №20 ТАБ. /МЕДИСОРБ/;ACA
САЛФЕТКИ ДВУХСЛ. СТЕР. 45Х29СМ №5;ACA
"ЦЕФАЗОЛИНА НАТРИЕВАЯ СОЛЬ 1Г. №1 ПОР. Д/Р-РА В/В,В/М ФЛ. /БИОСИНТЕЗ/";ACA
НИФЕДИПИН 10МГ. №50 ТАБ. П/П/О /ОЗОН/;ACA
САЛИЦИЛОВАЯ К-ТА 2% 40МЛ. №1 СПИРТ. Р-Р Д/НАРУЖ.ПРИМ. ФЛ. /ИВАНОВСКАЯ ФФ/;ACA
МЕНОВАЗИН 40МЛ. №1 СПИРТ. Р-Р Д/НАРУЖ.ПРИМ. ФЛ. /ТУЛЬСКАЯ ФФ/;ACA
ЭВЕРС-ЛАЙФ САЛФЕТКА СТЕР. 2-Х СЛ. 16Х14СМ. №10 [EVERS LIFE];ACA
БИСАКОДИЛ-НИЖФАРМ 10МГ. №10 СУПП. РЕКТ. /НИЖФАРМ/;ACA
АУРА ВАТНЫЕ ДИСКИ №100 [AURA];ACA
САЛИПОД ЛЕЙКОПЛАСТ. МОЗОЛЬНЫЙ 6Х10СМ. /ВЕРОФАРМ/;ACA
"РИНОРУС 0,1% 10МЛ. НАЗАЛ.КАПЛИ ФЛ./КАП. И/У /СИНТЕЗ/";ACA
СЕНСЕ МАСКА МЕД. ТРЕХСЛОЙНАЯ (3-Х) НА РЕЗИНКЕ ГОЛ. №10 [SENSE];ACA
АУРА ВАТНЫЕ ДИСКИ №120 [AURA];ACA
ВАЛЕРИАНА ЭКСТРАКТ 20МГ. №50 ТАБ. П/О /БОРИСОВСКИЙ/;ACA
ПЕРЕКИСЬ ВОДОРОДА 3% 1Л. Р-Р ДЕЗ.СР-ВО ФЛ.;ACA
АЦИКЛОВИР-АКРИХИН 200МГ. №20 ТАБ. /АКРИХИН/;ACA
МУКАЛТИН 50МГ. №20 ТАБ. /ФАРМСТАНДАРТ/;ACA
МЕДИКОМЕД ГИАЛУРОНОВАЯ К-ТА ГЕЛЬ КОСМЕТИЧ. 15МЛ. ФЛ.;ACA
ПЕРТУССИН-ЭКО 100МЛ. СИРОП ФЛ. /ЭКОЛАБ/;ACA
БРОМГЕКСИН 8МГ. №50 ТАБ. /МЕДИСОРБ/;ACA
ДИАЗОЛИН 100МГ. №10 ДРАЖЕ /ФАРМСТАНДАРТ-УФАВИТА/;ACA
АСКОРБИНОВАЯ К-ТА 100МГ.+877МГ. ГЛЮКОЗА №40 ТАБ. /ФАРМСТАНДАРТ/;ACA
КАПТОПРИЛ 50МГ. №20 ТАБ. /ОЗОН/;ACA
ЛИДОКАИН 20МГ/МЛ. 2МЛ. №10 Р-Р Д/ИН. АМП. /ДАЛЬХИМФАРМ/;ACA
ТРОМБОПОЛ 75МГ. №30 ТАБ.КШ/РАСТВ. П/О /ПОЛЬФАРМА/;ACA
ЛЕВОМИЦЕТИН 1% 25МЛ. №1 СПИРТ. Р-Р Д/НАРУЖ.ПРИМ. ФЛ./КАП. /ТУЛЬСКАЯ ФФ/;ACA
БОЯРЫШНИКА НАСТОЙКА 25МЛ. ФЛ. /ГИППОКРАТ/;ACA
АТЕНОЛОЛ РЕНЕВАЛ 100МГ. №30 ТАБ. /ОБНОВЛЕНИЕ/;ACA
СИЛЬВЕР КАПИТАН БАТОНЧИК КОКОС ШОК.ГЛАЗ. 50Г.;ACA
"ПАСКАЛЬ ШПРИЦ 3-Х КОМП. 20МЛ. С ИГЛОЙ 21G 0,8Х40ММ. №5 [PASCAL]";ACA
КАМФОРНЫЙ СПИРТ 10% 40МЛ. №1 Р-Р Д/НАРУЖ.ПРИМ. ФЛ. /ИВАНОВСКАЯ ФФ/;ACA
ТИАМИНА ХЛОРИД 50МГ/МЛ. 1МЛ. №10 Р-Р Д/В/М ВВЕД. АМП. (ВИТАМИН В1) /СТАТУСФАРМ/ЕРЕВАН.ФФ/;ACA
"ПРЕДНИЗОЛОН 0,5% 15Г. МАЗЬ Д/НАРУЖ.ПРИМ. ТУБА /БИОСИНТЕЗ/";ACA
САЛФЕТКИ 8-И СЛОЙНАЯ СТЕР. 10СМХ10СМ №10;ACA
"ИНДАПАМИД 2,5МГ. №30 ТАБ. П/О /КАНОНФАРМА/";ACA
ЛЮКСПЛАСТ ЛЕЙКОПЛАСТ. БАКТЕР. 19Х72ММ ТКАН. ЭЛ.ТЕЛЕСН. №10 [LUXPLAST];ACA
ГИДРОКОРТИЗОН 1% 10Г. МАЗЬ Д/НАРУЖ.ПРИМ. ТУБА /НИЖФАРМ/;ACA
ПИОНА НАСТОЙКА 25МЛ. И/У ФЛ. /ИВАНОВСКАЯ ФФ/;ACA
"ТИМОЛОЛ 0,5% 10МЛ. ГЛ.КАПЛИ ФЛ./КАП. /СЛАВЯНСКАЯ АПТЕКА/";ACA
"ЭНАМ 2,5МГ. №20 ТАБ. /Д-Р РЕДДИ/";ACA
САЛФЕТКИ 8-И СЛОЙНАЯ СТЕР. 5СМХ5СМ №10;ACA
ПИПЕТКА ГЛ. ТРАВМОБЕЗ. №1 ФУТ.;ACA
"ГИДРОПЕРИТ 1,5Г. №8 ТАБ. Д/Р-РА Д/МЕСТ. И НАРУЖ.ПРИМ. /ТАТХИМФАРМПРЕПАРАТЫ/";ACA
ПЕРЕКИСЬ ВОДОРОДА 3% 100МЛ. №1 Р-Р ДЕЗ.СР-ВО ФЛ. ПЛАСТ. /САМАРАМЕДПРОМ/;ACA
КОНТЕЙНЕР Д/СБОРА БИОМАТЕРИАЛА 120МЛ. УНИВЕРС. СТЕР. (БАНКА);ACC
"ЛЕВОМИЦЕТИН 0,25% 10МЛ. №1 ГЛ.КАПЛИ ФЛ./КАП. /ЛЕККО/";ACC
Карта LOYALITY 25Р;ACC
ЛЕЙКОПЛАСТЫРЬ 1Х500 РУЛОН КОНТ.УПАКОВКА/ПАКЕТ /ВЕРОФАРМ/;ACC
ВАЗЕЛИН 30Г. МАЗЬ Д/НАРУЖ.ПРИМ. ТУБА /МУРОМСКИЙ/;ACC
"КАЛИНОВ РОДНИК ВОДА МИНЕР. 0,5Л. Н/ГАЗ.";ACC
ДИКЛОФЕНАК 50МГ. №20 ТАБ.КШ/РАСТВ. П/О /ХЕМОФАРМ/;ACC
АТЕНОЛОЛ РЕНЕВАЛ 50МГ. №30 ТАБ. /ОБНОВЛЕНИЕ/;ACC
ФУКОРЦИН 25МЛ. Р-Р Д/НАРУЖ.ПРИМ. ФЛ. /ТУЛЬСКАЯ ФФ/;ACC
"ЦИАНОКОБАЛАМИН 0,5МГ/МЛ. 1МЛ. №10 Р-Р Д/ИН. АМП. (ВИТАМИН В12) /ДАЛЬХИМФАРМ/";ACC
ПАНКРЕАТИН 30ЕД №60 ТАБ.КШ/РАСТВ. П/О БАНКА /ФАРМПРОЕКТ/;ACC
ЙОДА 5% 10МЛ. СПИРТ. Р-Р ФЛ. /ЯРОСЛАВСКАЯ ФФ/;ACC
ГЛЮКОЗА 40% 10МЛ. №10 Р-Р Д/ИН. АМП. /ДАЛЬХИМФАРМ/;ACC
"ЛАКОМКА ПОМАДА ГИГИЕН. ЯГОДНЫЙ МИКС 2,8Г. /АВАНТА/";ACC
ДИКЛОФЕНАК 100МГ. №20 ТАБ.ПРОЛОНГ. П/О /НИЖФАРМ/ХЕМОФАРМ/;ACC
АСКОРБИНОВАЯ К-ТА 25МГ. ЯБЛОКО №10 ТАБ. КРУТКА САХ. /АСКОПРОМ/;ACC
АЦЕТИЛСАЛИЦИЛОВАЯ К-ТА 500МГ. №20 ТАБ. /ФАРМСТАНДАРТ/;ACC
ЭНАМ 5МГ. №20 ТАБ. /Д-Р РЕДДИ/;CCC
ТЕТРАЦИКЛИН-ЛЕКТ 100МГ. №20 ТАБ. П/О /ТЮМЕНСКИЙ/;CCC
ЛЕККЕР-ЙОДА 5% 5МЛ. СПИРТ. Р-Р КАРАНДАШ;CCC
ЛОРИСТА 25МГ. №30 ТАБ. П/П/О /KRKA/;CCC
АЛЬФАПЛАСТИК ТРУБКА РЕКТАЛЬНАЯ ГАЗООТВОДНАЯ Д/НОВОРОЖД. №16;CCC
МОЕ СОЛНЫШКО МЫЛО ЖИДКОЕ МАСЛО АВОКАДО 300МЛ. ДОЗАТОР;CCC
ЭВИТА ВАТНЫЕ ДИСКИ №100 [E'VITA];CCC
БИОЛИТ БАДЯГА ФОРТЕ ГЕЛЬ 75МЛ.;CCC
ВИНПОЦЕТИН ФОРТЕ КАНОН 10МГ. №30 ТАБ. /КАНОНФАРМА/;CCC
ЛЕДЕНЦЫ СИЛА ЧЕТЫРЕХ ТРАВ ЛАКРИЧНЫЕ 50Г.;CCC
СИЛЬВЕР КАПИТАН БАТОНЧИК КОКОС КАКАО БЕЛ.ГЛАЗ. 50Г.;CCC
СТАТИН 1Г. №5 ПОР. ПАК. (Д/ОСТАНОВКИ КРОВОТЕЧЕНИЙ);CCC
АМБРОКСОЛ-АЛСИ 30МГ. №30 ТАБ. /АЛСИ/;CCC
"АСКОРБИНОВАЯ К-ТА 50МГ/МЛ. 2МЛ. №10 Р-Р Д/В/В,В/М АМП. /ДАЛЬХИМФАРМ/";CCC
БИНТЛИ-Т БИНТ ЛИПКИЙ ПРОНИЦАЕМЫЙ 10СМХ2М.;CCC
911-ГЕЛЬ-БАЛЬЗАМ Д/НОГ КОНСКИЙ КАШТАН 100МЛ. ТУБА;CCC
ЛИЗИНОПРИЛ 5МГ. №30 ТАБ. /ВЕРТЕКС/;CCC
РИМАНТАДИН АВЕКСИМА 50МГ. №20 ТАБ. (РЕМАНТАДИН);CCC
БИСЕПТОЛ 480МГ. №28 ТАБ. /АДАМЕД ФАРМА/;CCC
911-ГЕЛЬ-БАЛЬЗАМ Д/СУСТАВОВ РАЗОГР. ОКОПНИК+МУРАВ.К-ТА 100МЛ.;CCC
КОРВАЛОЛ ФИТО 50МЛ. КАПЛИ Д/ПРИЕМА ВНУТРЬ ФЛ. И/У;CCC
ЛЕККЕР-БЗ БРИЛЛИАНТОВЫЙ ЗЕЛЕНЫЙ 1% 5МЛ. СПИРТ. Р-Р ФЛОМАСТЕР;CCC
МЕТФОРМИН-ТЕВА 500МГ. №60 ТАБ. П/П/О /ТЕВА/;CCC
МУКАЛТИН РЕНЕВАЛ 50МГ. №20 ТАБ. /ОБНОВЛЕНИЕ/;CCC
ИБУПРОФЕН-ВЕРТЕ 5% 50Г. ГЕЛЬ Д/НАРУЖ.ПРИМ. ТУБА /ВЕРТЕКС/;CCC
ЭВО КРЕМ Д/НОГ МОЧЕВИНА 50МЛ. ТУБА [EVO] /АВАНТА/;CCC
ГУБКА ГЕМОСТАТ. КОЛЛАГЕН. С СЕРЕБРОМ 50Х50Х7ММ №10 /ЗЕЛЕНАЯ ДУБРАВА/;CCC
ЛОРАТАДИН 10МГ. №30 ТАБ. /ВЕРТЕКС/;CCC
НУРОФЕН ФОРТЕ 400МГ. №12 ТАБ. П/О /РЕКИТТ БЕНКИЗЕР/;CCC
УКРОПА ПАХУЧЕГО ПЛОДЫ 50Г. /КРАСНОГОРСК/;CCC
ЛОРАТАДИН 10МГ. №30 ТАБ. /ОЗОН/;CCC
ОМЕПРАЗОЛ-ТЕВА 20МГ. №28 КАПС. КШ/РАСТВ. /ТЕВА/;CCC
СУСТАМЕД ЖАБИЙ КАМЕНЬ БИО-БАЛЬЗАМ АКТИВИР. Д/ТЕЛА МАСЛО РЫЖИКА 50МЛ. ТУБА;CCC
ЛИДОКАИН 20МГ/МЛ. 2МЛ. №10 Р-Р Д/ИН. АМП. /СЛАВЯНСКАЯ АПТЕКА/;CCC
ФУРАГИН 50МГ. №30 ТАБ. /СЕВЕРНАЯ ЗВЕЗДА/;CCC
"НАТУРИНО ЛЕДЕНЦЫ АПЕЛЬСИН+ВИТАМИНЫ 33,5Г./36,4Г. №8";CCC
ФУРОСЕМИД 40МГ. №50 ТАБ. /ОЗОН ООО/;CCC
ТРИХОПОЛ 250МГ. №20 ТАБ. /ПОЛЬФАРМА/;CCC
ЭРИТРОМИЦИНОВАЯ 10000ЕД/Г. 10Г. ГЛ. МАЗЬ ТУБА /ТАТХИМФАРМ/;CCC
НИМЕСУЛИД 100МГ. №20 ТАБ. /РЕПЛЕКФАРМ/БЕРЕЗОВСКИЙ/;CCC
БОБС ЛЕДЕНЦЫ ОТ КАШЛЯ МЕД+ЛИМОН 35Г.(№10);CCC
"КСИЛЕН 0,05% 10МЛ. №1 НАЗАЛ.КАПЛИ ФЛ./КАП. /ВЕРОФАРМ/";CCC
ЭРИНИТ 10МГ. №50 ТАБ. /ФАРМАПОЛ-ВОЛГА/;CCC
ФИТОКОСМЕТИК КРЕМ-ХНА ИНДИЙСКАЯ НАТУР. 3.3 ГОРЬК.ШОКОЛАД 50МЛ.;CCC
АКВА ЭЙР МОРЕ 50МЛ. НАЗАЛ.СПРЕЙ ФЛ.;CCC
ГИОКСИЗОН 10Г. 10МГ.+30МГ/Г. МАЗЬ Д/МЕСТ. И НАРУЖ.ПРИМ. ТУБА /МУРОМСКИЙ/;CCC
ХЕЛП БИНТ СТЕР. 5МХ10СМ И/У [HELP];CCC
"ДИМЕДРОЛ 10МГ/МЛ. 1МЛ. №10 Р-Р Д/В/В,В/М АМП. /ВЕЛФАРМ/";CCC
МИРРОЛЛА РЕПЕЙНОЕ МАСЛО 100МЛ. ВИТ.А+ВИТ.Е [MIRROLLA];CCC
ПЛАТИФИЛЛИНА Г/Т 2МГ/МЛ. 1МЛ. №10 Р-Р Д/П/К АМП. /ДАЛЬХИМФАРМ/;CCC
ДЕКАРИС 150МГ. №1 ТАБ. /ГЕДЕОН РИХТЕР/;CCC
АУРА САЛФЕТКИ ВЛАЖН. А/БАКТЕР. №15 [AURA];CCC
"ЗВЕЗДОЧКА НОЗ 0,1% 15МЛ. НАЗАЛ.СПРЕЙ ФЛ. +РАСП.";CCC
ГЕМАТОГЕН РУССКИЙ КЕДРОВЫЙ ОРЕХ 40Г. ПЛИТКА /ФАРМ-ПРО/;CCC
ОМЕПРАЗОЛ-ТЕВА 10МГ. №28 КАПС. КШ/РАСТВ. /ТЕВА/;CCC
"ХЛОРГЕКСИДИН 0,05% 200МЛ. №1 Р-Р Д/МЕСТ. И НАРУЖ.ПРИМ. ФЛ. ПЭТ. /ЛЕКАРЬ/";CCC
БИОИНВЕНТИКА СИРОП МАЛИНА НА ФРУКТОЗЕ 250МЛ. №1 ФЛ.;CCC
БАХИЛЫ №10 (5ПАР);CCC
РОТОКАН 50МЛ. ЭКСТРАКТ Д/ПРИЕМА ВНУТРЬ И МЕСТ.ПРИМ. ФЛ. /ВИФИТЕХ/;CCC
"ЕССЕНТУКИ ВОДА МИНЕР. №17 0,45Л. ГАЗ. СТЕКЛО";CCC
БАДЯГА 5Г. ПОР. Д/СУСП. Д/НАРУЖ.ПРИМ. ПАК. /ЗДОРОВЬЕ/;CCC
ПАНКРЕАТИН 25ЕД №60 ТАБ.КШ/РАСТВ. П/О /АВЕКСИМА/;CCC
ГОРЧИЧНИКИ-ПАКЕТ №20;CCC
САЛИЦИЛОВАЯ 2% 25Г. МАЗЬ /ТУЛЬСКАЯ ФФ/;CCC
МАСЛО ОБЛЕПИХОВОЕ ГОРНОАЛТАЙСКОЕ 100МЛ. ФЛ. И/У /АЛТАЙСКИЙ БУКЕТ/;CCC
СУСТАМЕД ЖАБИЙ КАМЕНЬ ГЕЛЬ Д/НОГ Д/ВЕН ГЛЮКОЗАМИН+ТРОКСЕРУТИН 30Г.;CCC
КЕТОРОЛАК 10МГ. №28 ТАБ. П/П/О /ОБНОВЛЕНИЕ/;CCC
ДЕКАРИС 50МГ. №2 ТАБ. /ГЕДЕОН РИХТЕР/;CCC
ЛЕЙКОПЛАСТЫРЬ 4Х500 ТКАН.ОСНОВА КАТУШКА КАРТОН /ВЕРОФАРМ/;CCC
АМОСИН 500МГ. №10 ТАБ. /ПОЛЛО/;CCC
ФУРАДОНИН 50МГ. №20 ТАБ. И/У /БОРИСОВСКИЙ/;CCC
"ИНДАПАМИД МВ ШТАДА 1,5МГ. №30 ТАБ.ПРОЛОНГ. П/О /НИЖФАРМ/";CCC
КЕТОРОЛАК 10МГ. №14 ТАБ. П/П/О /ОБНОВЛЕНИЕ/;CCC
"КЛИРВИН КРЕМ (ПЯТНА,ШРАМЫ) 25Г.";CCC
ИНДОМЕТАЦИН-АЛЬТФАРМ 100МГ. №10 СУПП. РЕКТ.;CCC
АНТИПОЛИЦАЙ №4 КАРАМЕЛЬ ЛЕДЕНЦОВАЯ Б/САХ.;CCC
АМЛОДИПИН 5МГ. №60 ТАБ. /ВЕРТЕКС/;CCC
ЛИЗИНОПРИЛ 10МГ. №30 ТАБ. /ВЕРТЕКС/;CCC
"ТОБРОПТ 0,3% 5МЛ. №1 ГЛ.КАПЛИ ФЛ./КАП. /РОМФАРМ/";CCC
ЦЕРУКАЛ 10МГ. №50 ТАБ. /АВД ФАРМА/ТЕВА/;CCC
АТАРАКС 25МГ. №25 ТАБ. П/П/О /ЮСБ ФАРМА/;CCC
АМЕЛИЯ ВАТА МЕД. ХИРУРГ. Н/СТЕР. 25Г.;CCC
ТОРГ ЛАЙНС БАНКИ МАССАЖ А/ЦЕЛЛЮЛИТ. №1 ТЮЛЬПАН;CCC
"АКРИДЕРМ 0,05% 30Г. №1 МАЗЬ Д/НАРУЖ.ПРИМ. ТУБА /АКРИХИН/";CCC
"КАЛЬЦИЯ ГЛЮКОНАТ 10% 5МЛ. №10 Р-Р Д/В/В,В/М ВВЕД. АМП. /АТОЛЛ/ОЗОН/";CCC
НАТУРА МЕДИКА ГЕЛЬ-БАЛЬЗАМ КОНСКИЙ КАШТАН+ТРОКСЕРУТИН Д/НОГ 85МЛ. [NATURA MEDICA];CCC
КАРДИКЕТ 20МГ. №50 ТАБ.ПРОЛОНГ. /ЮСБ ФАРМА/ЭЙСИКА/;CCC
КЛОТРИМАЗОЛ 1% 20Г. КРЕМ Д/НАРУЖ.ПРИМ. ТУБА /ХИПЕРИОН/РУМЫНИЯ/;CCC
ПРОПОСОЛ 25Г. СПРЕЙ Д/МЕСТ.ПРИМ. БАЛЛОН /АЛТАЙВИТАМИНЫ/;CCC
ИБУКЛИН 100МГ.+125МГ. №20 ТАБ. Д/ДЕТЕЙ (ЮНИОР);CCC
ЭГИЛОК 50МГ. №60 ТАБ. /ЭГИС/;CCC
ЗУЛА ЛЕДЕНЦЫ МУЛЬТИВИТАМИН +ВИТ.С 60Г. Б/САХ. ПАК. [SULA];CCC
ШИПОВНИКА ПЛОДЫ 2Г. №20 ПАК. /КРАСНОГОРСК/;CCC
БИСАКОДИЛ-ХЕМОФАРМ 5МГ. №30 ТАБ.КШ/РАСТВ. П/О /ХЕМОФАРМ/;CCC
"БРУСНИКИ ЛИСТ 1,5Г. №20 ПАК. /КРАСНОГОРСК/";CCC
ПОХУДЕЙ ЧАЙ Д/ЗДОРОВЬЯ ЛЮДЕЙ КЛУБНИКА 2Г. №30 ПАК.;CCC
КЕТОРОЛ 30МГ/МЛ. 1МЛ. №10 Р-Р Д/ИН. АМП. /Д-Р РЕДДИС/;CCC
АКУЛИЙ ЖИР ГЕЛЬ-БАЛЬЗАМ Д/ТЕЛА ОКОПНИК+САБЕЛЬНИК 125МЛ.;CCC
СИЛЬВЕР КАПИТАН БАТОНЧИК ТРЮФЕЛЬ+ОРЕХ ШОК.ГЛАЗ. 50Г.;CCC
КАЛЕНДУЛА №10 СУПП.РЕКТ. ГОМЕОПАТ. /МОСФАРМА/;CCC
"НАТУРИНО ЛЕДЕНЦЫ КЛУБНИКА+ВИТАМИНЫ 33,5Г./36,4Г. №8";CCC
ФЛЮКОСТАТ 150МГ. №1 КАПС. /ОТИСИФАРМ/;CCC
АЦЦ-ЛОНГ 600МГ. №10 ШИП.ТАБ. /САНДОЗ/;CCC
"ГИДРОКОРТИЗОН 0,5% 3Г. ГЛ. МАЗЬ ТУБА /ВАЛЕАНТ/ ЕЛЬФА/";CCC
АНДИПАЛ №20 ТАБ. /ФАРМСТАНДАРТ-ЛЕКСРЕДСТВА/;CCC
ГЕПАРИНОВАЯ 25Г. МАЗЬ Д/НАРУЖ.ПРИМ. ТУБА /НИЖФАРМ/;CCC
ВОДА 2МЛ. №10 Д/ИН. АМП. /НОВОСИБХИМФАРМ/;CCC
"ОКУПРЕС-Е 0,5% 5МЛ. ГЛ.КАПЛИ ФЛ./КАП. /КАДИЛА/";CCC
БРИЛЛИАНТОВЫЙ ЗЕЛЕН 1% 10МЛ. №1 СПИРТ. Р-Р Д/НАРУЖ.ПРИМ. ФЛ. /САМАРАМЕДПРОМ/;CCC
ТРОКСЕРУТИН 2% 40Г. ГЕЛЬ Д/НАРУЖ.ПРИМ. ТУБА /ЗЕЛЕНАЯ ДУБРАВА/;CCC
ЛОРАГЕКСАЛ 10МГ. №10 ТАБ. /ГЕКСАЛ АГ/;CCC
СЕМЕЙНЫЙ ЗУБ.ПОРОШОК МОРСК.МИНЕР. 140СМ.КУБ/60Г. БАНКА /АВАНТА/;CCC
АЕВИТ 200МГ. №20 КАПС. (БАД) /МЕЛИГЕН/;CCC
"ПОЛИНАДИМ 0,1%+0,025% 10МЛ. ГЛ.КАПЛИ ФЛ. /СИНТЕЗ/";CCC
СУЛЬФАЦИЛ-НАТРИЯ АЛЬБУЦИД 20% 10МЛ. №1 ГЛ.КАПЛИ ФЛ./КАП. /ЛЕККО/;CCC
РАСТОРОПШИ ШРОТ 100Г. ПОР.;CCC
МЕТОПРОЛОЛ-ТЕВА 100МГ. №30 ТАБ. /ТЕВА/;CCC
САЛФЕТКИ ДВУХСЛ. СТЕР. 16Х14СМ №10 И/У;CCC
ЦИПРОЛЕТ 3МГ/МЛ. 5МЛ. №1 ГЛ.КАПЛИ ФЛ./КАП. /Д-Р РЕДДИ/;CCC
БИОКОНТУР РЫБИЙ ЖИР 330МГ. №100 КАПС. (РЫБНЫЙ);CCC
АЛЛОХОЛ №50 ТАБ. П/О /ФАРМСТАНДАРТ/;CCC
ДИГОКСИН 250МКГ. №50 ТАБ. /ГЕДЕОН РИХТЕР/;CCC
ПРИСЫПКА ДЕТСКАЯ ЧЕРЕДА 40Г. /САМАРАМЕДПРОМ/;CCC
ПИРАЦЕТАМ 200МГ. №60 ТАБ. П/П/О /ОБНОВЛЕНИЕ/;CCC
"ЛОРИСТА 12,5МГ. №30 ТАБ. П/П/О /KRKA/";CCC
ВИТАЛОР ЛЕДЕНЦ.КАРАМЕЛЬ АНИС+ВИТ.С 60Г.;CCC
ЛОПЕДИУМ 2МГ. №10 ТАБ. /САЛЮТАС/;CCC
"МОЕ СОЛНЫШКО БАЛЬЗАМ Д/ГУБ ВАНИЛЬ 2,8Г. СТИК";CCC
ДИКЛОФЕНАК 100МГ. №10 СУПП. РЕКТ. /ДАЛЬХИМФАРМ/;CCC
"КСИЛЕН 0,1% 20МЛ. №1 НАЗАЛ.КАПЛИ ФЛ./КАП. /ВЕРОФАРМ/";CCC
МИРРОЛЛА РЫБИЙ ЖИР ВИТАМИНЫ А+Д+Е 370МГ. №100 КАПС.;CCC
"ТИЗИН КЛАССИК 0,1% 10МЛ. НАЗАЛ.СПРЕЙ ФЛ. /ДЖОНСОН/";CCC
НАРЗАН ВОДА МИНЕР. 1Л. ГАЗ. ПЭТ.;CCC
АМИТРИПТИЛИН 25МГ. №50 ТАБ. /ОЗОН/;CCC
САЛФЕТКИ СТЕР. 10X10СМ №10;CCC
"ЭНАП 2,5МГ. №20 ТАБ. /KPKA/";CCC
ВЕРАПАМИЛ 80МГ. №30 ТАБ. П/О /АЛКАЛОИД/;CCC
АУРА ВАТНЫЕ ДИСКИ №80 [AURA];CCC
NF ВАТА ХИРУРГ. СТЕР. 100Г. /НЬЮФАРМ/;CCC
АЦЕКАРДОЛ 100МГ. №30 ТАБ.КШ/РАСТВ. П/П/О /СИНТЕЗ/;CCC
ОКСИТОЦИН 5МЕ/МЛ. 1МЛ. №5 Р-Р Д/ИН. АМП. /ГЕДЕОН РИХТЕР/;CCC
САНИТЕЛЬ СПРЕЙ Д/РУК А/СЕПТИЧ. ВИТ.Е+АЛОЭ 20МЛ. [SANITELLE];CCC
ЭНАЛАПРИЛ 10МГ. №20 ТАБ. /ХЕМОФАРМ/;CCC
ВАЛИДОЛ 50МГ. №40 КАПС. ПОДЪЯЗЫЧ. /ЛЮМИ/;CCC
ФУРАЦИЛИН 20МГ. №20 ТАБ. Д/Р-РА Д/МЕСТ. И НАРУЖ.ПРИМ. /АВЕКСИМА/;CCC
ПРОПОЛИСА НАСТОЙКА 25МЛ. ФЛ. И/У /ВИФИТЕХ/;CCC
АММИАК 100МГ/МЛ. 100МЛ. №1 Р-Р Д/НАРУЖ./ИНГ. ФЛ. /САМАРСКАЯ ФФ/;CCC
БИНТ СТЕР. 10МХ16СМ И/У;CCC
"911-ВЕНОЛГОН ГЕЛЬ Д/НОГ ПРИ ТЯЖЕСТИ,БОЛИ,ОТЕКАХ 100МЛ. ТУБА";CCC
"ХЛОРГЕКСИДИН 0,05% 100МЛ. №1 Р-Р Д/МЕСТ. И НАРУЖ.ПРИМ. ФЛ. ПЭТ. /ТУЛЬСКАЯ ФФ/";CCC
ПАСТА САЛИЦИЛОВО-ЦИНКОВАЯ 25Г. БАНКА /ТУЛЬСКАЯ ФФ/;CCC
БОБС ЛЕДЕНЦЫ Д/ГОРЛА 35Г. ЭКСТРА МЕНТОЛ №10;CCC
МОЕ СОЛНЫШКО ПЕНКА Д/КУПАНИЯ БАЮ-БАЮШКИ ЛАВАНДА+РОЗ.МАСЛО 200МЛ.;CCC
"ИНДАП 2,5МГ. №30 КАПС. /ПРО.МЕД.ЦС/";CCC
ДРАЖЕ ВЕЧЕРНЕЕ №100 ВАЛЕРИАНА+ХМЕЛЬ+МЯТА /ПАРАФАРМ/;CCC
ЦЕТИРИЗИН 10МГ. №20 ТАБ. П/П/О /ОЗОН/;CCC
БОБС ЛЕДЕНЦЫ ОТ КАШЛЯ МЯТА+ЭВКАЛИПТ 35Г.(№10);CCC
"АНАЛЬГИН 500МГ/МЛ. 2МЛ. №10 Р-Р Д/В/В,В/М АМП. /НОВОСИБХИМФАРМ/";CCC
АМОКСИЦИЛЛИН 250МГ/5МЛ. 40Г. №1 ГРАН. Д/СУСП. Д/ПРИЕМА ВНУТРЬ ФЛ. /ХЕМОФАРМ/;CCC
ФЛУКОНАЗОЛ 150МГ. №4 КАПС. /ВЕРТЕКС/;CCC
ТАГИСТА 16МГ. №30 ТАБ. /НИЖФАРМ/;CCC
"АСКОРБИНОВАЯ К-ТА 2,5Г. №10 ПОР. /МЕЛИГЕН/ (БАД)";CCC
АЛЬФА ТОКОФЕРОЛА АЦЕТАТ 200МГ. №30 КАПС. (ВИТАМИН Е) /МИНСКИНТЕРКАПС/;CCC
"РИНОРУС 0,1% 20МЛ. НАЗАЛ.СПРЕЙ ФЛ. +НАСАДКА РАСПЫЛИТЕЛЬ /СИНТЕЗ/";CCC
