"dr_ndrugs";"abc_xyz"
ЭСВИЦИН СР-ВО П/ОБЛЫСЕНИЯ ЛОСЬОН-ТОНИК 250МЛ. ФЛ. /ВИО-ФАРМ/;AAA-Y
НУРОФЕН ЭКСПРЕСС ФОРТЕ 400МГ. №20 КАПС. /РЕКИТТ БЕНКИЗЕР/;AAA-Z
КОНКОР КОР 2,5МГ. №30 ТАБ. П/П/О /МЕРК/;AAA-Z
УГОЛЬ АКТИВИРОВАННЫЙ 250МГ. №50 ТАБ. /ФАРМСТАНДАРТ ЛЕКСРЕДСТВА/;AAA-Z
МЕТРОГИЛ ДЕНТА 20Г. №1 ГЕЛЬ СТОМАТ. ТУБА;AAA-Z
АСЕПТИКА САЛФЕТКА СПИРТОВАЯ 60Х100 №20;AAA-Z
МИДОКАЛМ 150МГ. №30 ТАБ. П/П/О /ГЕДЕОН РИХТЕР/;AAA-Z
МЕЗИМ-ФОРТЕ №80 ТАБ. П/О /БЕРЛИН-ХЕМИ/;AAA-Z
МЕНОВАЗИН 40МЛ. №1 СПИРТ. Р-Р Д/НАРУЖ.ПРИМ. ФЛ. /САМАРАМЕДПРОМ/;AAA-Z
ПЕНТАЛГИН №24 ТАБ. П/П/О /ОТИСИФАРМ/;AAA-Z
АФОБАЗОЛ 10МГ. №60 ТАБ.;AAA-Z
ВАЛИДОЛ 60МГ. №10 ТАБ. ПОДЪЯЗЫЧ. /ФАРМСТАНДАРТ/;AAA-Z
ПАСКАЛЬ ШПРИЦ 3-Х КОМП. 5МЛ. С ИГЛОЙ 22G 0,7Х30ММ. №10 [PASCAL];AAA-Z
ПУСТЫРНИКА ЭКСТРАКТ 14МГ. №50 ТАБ. /ФАРМСТАНДАРТ/;AAA-Z
КЕТОРОЛ ЭКСПРЕСС 10МГ. №20 ТАБ. ДИСПЕРГ. /Д-Р РЕДДИС/;AAA-Z
ТРОКСЕРУТИН ВРАМЕД 2% 40Г. ГЕЛЬ Д/НАРУЖ.ПРИМ. ТУБА /СОФАРМА/;AAA-Z
ТАУФОН 4% 10МЛ. №1 ГЛ.КАПЛИ ФЛ./КАП. /ОТИСИФАРМ/ФАРМСТАНДАРТ/;AAA-Z
ОМЕЗ 20МГ. №30 КАПС. /Д-Р РЕДДИ/;AAA-Z
АРБИДОЛ МАКСИМУМ 200МГ. №10 КАПС. /ОТИСИФАРМ/ФАРМСТАНДАРТ/;AAA-Z
ЛОПЕРАМИД-АКРИХИН 2МГ. №20 КАПС. /АКРИХИН/;AAA-Z
ДЮФАЛАК 667МГ/МЛ. 1000МЛ. СИРОП ФЛ. +МЕРН.СТАКАН /ЭББОТТ/СОЛВЕЙ/;AAA-N/A
РЕЛИФ ПРО 40МГ.+1МГ. №10 СУПП. РЕКТ.;AAA-N/A
ВАЛОКОРДИН 20МЛ. КАПЛИ Д/ПРИЕМА ВНУТРЬ ФЛ./КАП.;AAA-N/A
СБОР УРОЛОГИЧЕСКИЙ 2Г. №20 ПАК. (ФИТОНЕФРОЛ) /КРАСНОГОРСК/;AAA-N/A
БЕТАЛОК ЗОК 25МГ. №14 ТАБ.ПРОЛОНГ. П/О /АСТРА ЗЕНЕКА/;AAA-N/A
ЛЕВОФЛОКСАЦИН 500МГ. №10 ТАБ. П/П/О /ФАРМСТАНДАРТ-ТОМСКХИМФАРМ/;AAA-N/A
ПРЕСТАНС 5МГ.+5МГ. №30 ТАБ.;AAA-N/A
ЛИЗИНОПРИЛ 10МГ. №60 ТАБ. /ВЕРТЕКС/;AAA-N/A
ГЛЮКОФАЖ ЛОНГ 1000МГ. №60 ТАБ.ПРОЛОНГ. /МЕРК САНТЭ/;AAA-N/A
ГРИППФЕРОН 10000МЕ/МЛ. 500МЕ/ДОЗА 10МЛ. 200ДОЗ НАЗАЛ.СПРЕЙ ФЛ. /ФИРН М/;AAA-N/A
МИКОДЕРИЛ 1% 10МЛ. №1 Р-Р Д/НАРУЖ.ПРИМ. ФЛ./КАП.;AAA-N/A
ТРИПЛИКСАМ 5МГ.+1,25МГ.+5МГ. №30 ТАБ. П/П/О;AAA-N/A
ВЕРОШПИРОН 50МГ. №30 КАПС. /ГЕДЕОН РИХТЕР/;AAA-N/A
L-ТИРОКСИН 75МКГ. №100 ТАБ. /БЕРЛИН ХЕМИ/;AAA-N/A
ДИАБЕТОН МВ 60МГ. №30 ТАБ. МОДИФ.ВЫСВ. /СЕРВЬЕ/;AAA-N/A
СНУП 0,1% 90МКГ/ДОЗА 15МЛ. НАЗАЛ.СПРЕЙ ФЛ. /ШТАДА/;AAA-N/A
ДЕТРАЛЕКС 1000МГ. №60 ТАБ. П/П/О;AAA-N/A
ЦИТРАМОН П №20 ТАБ. /ФАРМСТАНДАРТ/;AAA-N/A
МЕКСИДОЛ 125МГ. №50 ТАБ. П/П/О /ФАРМАСОФТ/ЗИО ЗДОРОВЬЕ/;AAA-N/A
МЕКСИДОЛ ЗУБ.ПАСТА ДЕНТ АКТИВ 100Г. [MEXIDOL];AAA-N/A
ЭМОКСИПИН 10МГ/МЛ. 5МЛ. №1 ГЛ.КАПЛИ ФЛ. КРЫШ/КАП.;AAA-N/A
ЭКСПРЕСС-ТЕСТ НА А/ТЕЛА COVID-19 LGG/LGM;AAA-N/A
ОФТАН-КАТАХРОМ 10МЛ. ГЛ.КАПЛИ ФЛ.;AAA-N/A
АЦИКЛОВИР-БЕЛУПО 400МГ. №35 ТАБ. П/О /БЕЛУПО/;AAA-N/A
ИНЪЕКТРАН 100МГ/МЛ. 2МЛ. №10 Р-Р Д/В/М АМП.;AAA-N/A
КЛАРИТРОМИЦИН-ВЕРТЕ 500МГ. №14 ТАБ. П/П/О /ВЕРТЕКС/;AAA-N/A
ЛЕВОМЕКОЛЬ 40МГ/Г.+7,5МГ/Г. 40Г. №1 МАЗЬ Д/НАРУЖ.ПРИМ. ТУБА /НИЖФАРМ/;AAA-N/A
ИНГАВИРИН 90МГ. №10 КАПС. /ВАЛЕНТА/;AAC-X
ФУРАЦИЛИН АВЕКСИМА 20МГ. №10 ШИП.ТАБ. Д/Р-РА Д/МЕСТ. И НАРУЖ.ПРИМ.;AAC-X
ДЕЗЛОРАТАДИН-ВЕЛФАРМ 5МГ. №10 ТАБ. П/О;AAC-X
НАЙЗ 100МГ. №30 ТАБ.;AAC-X
ДОНОРМИЛ 15МГ. №30 ТАБ. П/П/О;AAC-X
ИБУКЛИН 400МГ.+325МГ. №10 ТАБ. П/П/О;AAC-X
СТЕЛЛАНИН 3% 20Г. МАЗЬ Д/НАРУЖ.ПРИМ. ТУБА;AAC-X
КЛОПИДОГРЕЛ-СЗ 75МГ. №28 ТАБ. П/П/О /СЕВЕРНАЯ ЗВЕЗДА/;AAC-X
МЕТИЛУРАЦИЛ 10% 25Г. МАЗЬ Д/МЕСТ. И НАРУЖ.ПРИМ. ТУБА /НИЖФАРМ/;AAC-X
ДОЛГИТ 5% 100Г. КРЕМ Д/НАРУЖ.ПРИМ. ТУБА /ДОЛОРГИТ/;AAC-X
НИМЕСИЛ 100МГ. 2Г. №30 ГРАН. Д/СУСП. Д/ПРИЕМА ВНУТРЬ ПАК. /ГУИДОТТИ/МЕНАРИНИ/;AAC-Z
МИКРОЛАКС 5МЛ. №4 Р-Р Д/РЕКТ. ВВЕД. МИКРОКЛИЗМА;AAC-N/A
АТОРВАСТАТИН-СЗ 20МГ. №60 ТАБ. П/П/О /СЕВЕРНАЯ ЗВЕЗДА/;AAC-N/A
МИЛДРОНАТ 100МГ/МЛ. 5МЛ. №10 Р-Р Д/В/В,В/М И ПАРАБУЛЬБ. ВВЕД. АМП. /ГРИНДЕКС/;AAC-N/A
ЭЛИКВИС 5МГ. №60 ТАБ. П/П/О /ПФАЙЗЕР/БРИСТОЛ-МАЙЕРС/;AAC-N/A
АЗАРГА 10МГ/МЛ.+5МГ/МЛ. 5МЛ. №1 ГЛ.КАПЛИ ФЛ./КАП.;AAC-N/A
ВИТАПРОСТ 10МГ. №10 СУПП. РЕКТ. /НИЖФАРМ/;AAC-N/A
ФОСФОГЛИВ ФОРТЕ 65МГ+300МГ. №50 КАПС. /ФАРМСТАНДАРТ/;AAC-N/A
НОЛИПРЕЛ А ФОРТЕ 5МГ.+1,25МГ. №30 ТАБ. П/П/О;AAC-N/A
КОРНЕРЕГЕЛЬ 5% 10Г. ГЛ. ГЕЛЬ ТУБА;AAC-N/A
МАГНЕЛИС В6 №120 ТАБ. П/О;AAC-N/A
СОРБИФЕР ДУРУЛЕС 320МГ/60МГ. №50 ТАБ. П/О;AAC-N/A
ЦИСТОН №100 ТАБ.;AAC-N/A
ПОЛИДЕКСА С ФЕНИЛЭФРИНОМ 15МЛ. НАЗАЛ.СПРЕЙ ФЛ.;AAC-N/A
КАНЕФРОН Н №60 ТАБ. П/О;AAC-N/A
ДЕТРИМАКС 2000 240МГ. №60 ТАБ. П/О;AAC-N/A
ГИПОСАРТ 16МГ. №28 ТАБ.;AAC-N/A
ДОРИТРИЦИН №10 ТАБ. Д/РАСС.;AAC-N/A
НОЛЬПАЗА 20МГ. №28 ТАБ.КШ/РАСТВ. П/О /KRKA/;AAC-N/A
КОМБИЛИПЕН 2МЛ. №10 Р-Р Д/В/М АМП.;AAC-N/A
ТРИМЕТАЗИДИН-АКОС МВ 35МГ. №60 ТАБ. МОДИФ.ВЫСВ. /БИОКОМ/;AAC-N/A
ЦИПРОЛЕТ А 500МГ.+600МГ. №10 ТАБ. П/О;AAC-N/A
ДОКСИЦИКЛИН СОЛЮШН ТАБЛЕТС 100МГ. №10 ТАБ.ДИСПЕРГ. /АТОЛЛ/ОЗОН/;AAC-N/A
МОКСОНИДИН-СЗ 0,2МГ. №60 ТАБ. П/П/О /СЕВЕРНАЯ ЗВЕЗДА/;AAC-N/A
АТОПИК КРЕМ-СТИК УСПОКАИВАЮЩИЙ Д/ДЕТ. 0+ 4,9МЛ. ПЕНАЛ [ATOPIC];AAC-N/A
ГЛИЦЕРИН 2,11Г. №10 СУПП. РЕКТ. /НИЖФАРМ/;AAC-N/A
ПЕРИНЕВА 4МГ. №30 ТАБ. /KRKA/;AAC-N/A
ТОЛПЕРИЗОН 150МГ. №30 ТАБ. П/П/О /МЕДИСОРБ/;AAC-N/A
БЕТАГИСТИН-СЗ 16МГ. №60 ТАБ. /СЕВЕРНАЯ ЗВЕЗДА/;AAC-N/A
НАНОПЛАСТ ФОРТЕ ПЛАСТЫРЬ ОБЕЗБОЛ. 9Х12СМ. №3;AAC-N/A
ДОНАТ МАГНИЙ ВОДА ГАЗ. 1Л. ПЭТ [DONAT];AAC-N/A
СПЛАТ ЗУБ.ПАСТА ЛЕЧЕБНЫЕ ТРАВЫ 100МЛ. [SPLAT];AAC-N/A
СИГНИЦЕФ 0,5% 5МЛ. №1 ГЛ.КАПЛИ ФЛ./КАП. /СЕНТИСС/ПРОМЕД/;AAC-N/A
ГЕКСАЛИЗ №30 ТАБ. Д/РАСС.;AAC-N/A
ПУСТЫРНИКА НАСТОЙКА 25МЛ. ФЛ. /ГИППОКРАТ/;ABA-Y
ГЛИЦИН 100МГ. №100 ТАБ. ПОДЪЯЗЫЧ. /БИОТИКИ/;ABA-Z
ЦИТРАМОН П №20 ТАБ. /МЕДИСОРБ/;ABA-Z
АЦИКЛОВИР-БЕЛУПО 5% 10Г. №1 КРЕМ Д/НАРУЖ.ПРИМ. ТУБА /БЕЛУПО/;ABA-Z
ОМЕПРАЗОЛ 20МГ. №30 КАПС. /ПРОИЗВОДСТВО МЕДИКАМЕНТОВ/;ABA-Z
КОРВАЛОЛ 25МЛ. КАПЛИ Д/ПРИЕМА ВНУТРЬ ФЛ. И/У /ФАРМСТАНДАРТ ЛЕКСРЕДСТВА/;ABA-Z
ВАЛЕРИАНЫ НАСТОЙКА 25МЛ. ФЛ. /ГИППОКРАТ/;ABA-Z
ФЕРРОГЕМАТОГЕН 50Г. ПАСТИЛКА ЖЕВ. (ПЛИТКА);ABA-Z
СВЯТОЙ ИСТОЧНИК ВОДА ПИТЬЕВАЯ 0,5Л. Н/ГАЗ. ПЭТ;ABA-Z
ТЕТРАЦИКЛИНОВАЯ 1% 5Г. ГЛ. МАЗЬ ТУБА /ТАТХИМФАРМ/;ABA-Z
ПАСКАЛЬ ШПРИЦ 3-Х КОМП. 3МЛ. С ИГЛОЙ 22G 0,7Х40ММ. №10 [PASCAL];ABA-Z
СТОПСЕПТ ПЛЮС 90% 100МЛ. ДЕЗ.СР-ВО ФЛ.;ABA-Z
АСПАРКАМ №60 ТАБ. /ФАРМАПОЛ-ВОЛГА/;ABA-Z
ПАНКРЕАТИН 25ЕД №60 ТАБ.КШ/РАСТВ. П/О БАНКА /БИОСИНТЕЗ/;ABA-N/A
ВАЗЕЛИНОВОЕ МАСЛО Д/ПРИЕМА ВНУТРЬ 100МЛ. №1 ФЛ. /ФЛОРА КАВКАЗА/;ABA-N/A
ВЕРОШПИРОН 25МГ. №20 ТАБ. /ГЕДЕОН РИХТЕР/;ABA-N/A
БИСОПРОЛОЛ 2,5МГ. №30 ТАБ. П/П/О /ВЕРТЕКС/;ABA-N/A
ЛЕЙКОПЛАСТЫРЬ 5Х500 ТКАН.ОСНОВА КАТУШКА КАРТОН /ВЕРОФАРМ/;ABA-N/A
КАФФЕТИН ЛАЙТ №12 ТАБ.;ABA-N/A
РИНОНОРМ-ТЕВА 0,1% 140МКГ/ДОЗА 20МЛ. НАЗАЛ.СПРЕЙ ФЛ. /ТЕВА/;ABA-N/A
ЭНАЛАПРИЛ ГЕКСАЛ 10МГ. №50 ТАБ. /ГЕКСАЛ АГ/;ABA-N/A
РИБОКСИН АВЕКСИМА 200МГ. №50 ТАБ. П/П/О;ABA-N/A
КАМЕТОН 45Г. АЭРОЗОЛЬ Д/МЕСТ.ПРИМ. БАЛЛОН /ФАРМСТАНДАРТ ЛЕКСРЕДСТВА/;ABA-N/A
ФУНДИЗОЛ КРЕМ Д/НОГТЕЙ И КОЖИ 30МЛ.;ABA-N/A
ВАЛОСЕРДИН 25МЛ. КАПЛИ Д/ПРИЕМА ВНУТРЬ ФЛ. /МОСФАРМА/;ABA-N/A
НО-ШПА 40МГ. №24 ТАБ. /ХИНОИН/;ABA-N/A
ЛАПЧАТКА КОРНЕВИЩА 50Г. ПАК. /ЗДОРОВЬЕ/;ABA-N/A
КАРБАМАЗЕПИН-АЛСИ 200МГ. №40 ТАБ. /АЛСИ/;ABA-N/A
ДИКЛОФЕНАК 25МГ/МЛ. 3МЛ. №5 Р-Р Д/В/М ВВЕД. АМП. /ХЕМОФАРМ/;ABA-N/A
ГЕПАРИНОВАЯ 25Г. МАЗЬ Д/НАРУЖ.ПРИМ. ТУБА /ЗЕЛЕНАЯ ДУБРАВА/;ABA-N/A
АМОКСИЦИЛЛИН 500МГ. №16 КАПС. /ХЕМОФАРМ/;ABA-N/A
АЗИТРОМИЦИН 500МГ. №3 КАПС. /ПРОИЗВОДСТВО МЕДИКАМЕНТОВ/ ПроМед/;ABA-N/A
ТАУРИН 4% 10МЛ. ГЛ.КАПЛИ ФЛ./КАП. /СЛАВЯНСКАЯ АПТЕКА/;ABA-N/A
ИНДАПАМИД 2,5МГ. №30 ТАБ. П/О /ХЕМОФАРМ/;ABA-N/A
ВАЛИДОЛ 60МГ. №10 ТАБ. ПОДЪЯЗЫЧ. /ТАТХИМФАРМПРЕПАРАТЫ/;ABA-N/A
ОКВИС ПРОТЕКТОР ЭПИТЕЛИЯ РОГОВОЦЫ 0,3% 5МЛ. ФЛ./КАП.;ABA-N/A
ЗВЕРОБОЯ ТРАВА 50Г. /КРАСНОГОРСК/;ABA-N/A
ПАСКАЛЬ ШПРИЦ 3-Х КОМП. 2МЛ. С ИГЛОЙ 23G 0,6Х30ММ. №10 [PASCAL];ABA-N/A
АМОКСИЦИЛЛИН САНДОЗ 1000МГ. №12 ТАБ. П/О БЛИСТЕР /САНДОЗ/;ABA-N/A
АНАЛЬГИН 500МГ. №20 ТАБ. /ФАРМСТАНДАРТ/;ABA-N/A
СУПРАСТИН 2% 1МЛ. №5 Р-Р Д/В/В,В/М АМП. /ЭГИС/;ABA-N/A
СИНАФЛАН 0,025% 15Г. МАЗЬ Д/НАРУЖ.ПРИМ. ТУБА /МУРОМСКИЙ ЗАВОД/;ABA-N/A
СИОФОР 500 №60 ТАБ. П/П/О /БЕРЛИН ХЕМИ/;ABA-N/A
РОМАШКИ ЦВЕТКИ 1,5Г. №20 ПАК. /КРАСНОГОРСК/;ABA-N/A
ВОДА 2МЛ. №10 Д/ИН. АМП. /ФАРМАСИНТЕЗ/;ABA-N/A
КОЛГЕЙТ ЗУБ.ЩЕТКА МАССАЖЕР МЯГКАЯ [COLGATE];ABA-N/A
ЦЕФТРИАКСОН 1Г. №1 ПОР. Д/Р-РА Д/В/В,В/М ФЛ. /БИОСИНТЕЗ/;ABA-N/A
ПИКАМИЛОН 20МГ. №30 ТАБ. /ФАРМСТАНДАРТ/;ABA-N/A
СУПРАСТИН 25МГ. №20 ТАБ. /ЭГИС/;ABA-N/A
НУРОФЕН 100МГ/5МЛ. 100МЛ. СУСП. КЛУБНИКА Д/ДЕТЕЙ ФЛ. /РЕКИТТ БЕНКИЗЕР/;ABA-N/A
ИНДОМЕТАЦИН-СОФАРМА 25МГ. №30 ТАБ.КШ/РАСТВ. П/О;ABA-N/A
КОРВАЛОЛ №20 ТАБ. /ЮЖФАРМ/;ABA-N/A
ЛЕЙКО ПЛАСТЫРЬ МОЗОЛЬНЫЙ №6 [LEIKO];ABA-N/A
ЦЕФТРИАКСОН 1Г. №1 ПОР. Д/Р-РА Д/В/В,В/М ФЛ. /ПРОМОМЕД/БИОХИМИК/;ABA-N/A
ЭНАЛАПРИЛ 5МГ. №20 ТАБ. /ХЕМОФАРМ/;ABA-N/A
КАЛЧЕК 5МГ. №30 ТАБ. /ИПКА/;ABA-N/A
РАУНАТИН 2МГ. №50 ТАБ. П/О /ЗДОРОВЬЕ/;ABA-N/A
КАПОТЕН 25МГ. №28 ТАБ. /АКРИХИН/;ABA-N/A
РЕВАЛГИН №20 ТАБ.;ABA-N/A
БЛЕФАРОЛОСЬОН ЛОСЬОН КОСМЕТ. Д/ВЕК 15МЛ. ФЛ.;ABA-N/A
ЭВКАЛИПТ М №24 ПАСТИЛКИ;ABA-N/A
НАСОБЕК 50МКГ/ДОЗА 200ДОЗ №1 НАЗАЛ.СПРЕЙ ФЛ. /ТЕВА/;ABA-N/A
РИНОСТОП 0,1% 15МЛ. НАЗАЛ.СПРЕЙ ФЛ. /ОТИСИФАРМ/ЛЕККО/ФАРМСТАНДАРТ ЛЕКСРЕДСТВА/;ABC-X
ЛЕЙКОПЛАСТЫРЬ 2Х500 ТКАН.ОСНОВА КАТУШКА КАРТОН /ВЕРОФАРМ/;ABC-X
СОТАГЕКСАЛ 80МГ. №20 ТАБ. /ГЕКСАЛ АГ/;ABC-X
МЕЗИМ-ФОРТЕ №20 ТАБ. П/О /БЕРЛИН-ХЕМИ/;ABC-X
СТРЕПТОЦИД 10Г. №1 ПОР. Д/НАРУЖ.ПРИМ. БАНКА ДОЗ. /ЛЕКАРЬ/;ABC-N/A
АСПЕРА СУПЕРЧИСТОТЕЛ 3МЛ. ФЛ.;ABC-N/A
БИСОПРОЛОЛ 5МГ. №60 ТАБ. П/П/О /ВЕРТЕКС/;ABC-N/A
БИФИДУМБАКТЕРИН 5ДОЗ №10 ЛИОФ. Д/СУСП. Д/ПРИЕМА ВНУТРЬ И МЕСТ.ПРИМ. ФЛ. /ЭКОПОЛИС/;ABC-N/A
L-ТИРОКСИН 50МКГ. №50 ТАБ. /БЕРЛИН ХЕМИ/;ABC-N/A
ВОЛЬТАРЕН 25МГ/МЛ. 3МЛ. №5 Р-Р Д/В/М АМП. /НОВАРТИС/ГЛАКСО/;ABC-N/A
МИГ 400МГ. №20 ТАБ. П/П/О /БЕРЛИН-ХЕМИ/;ABC-N/A
ФЛУИМУЦИЛ 600МГ. №10 ШИП.ТАБ. /ЗАМБОН/;ABC-N/A
ПАНАНГИН 158МГ+140МГ. №50 ТАБ. П/П/О /ГЕДЕОН РИХТЕР/;ABC-N/A
ЛЕКРОЛИН 20МГ/МЛ. 10МЛ. №1 ГЛ.КАПЛИ ФЛ. /САНТЭН/;ABC-N/A
НОЛЬПАЗА 20МГ. №14 ТАБ.КШ/РАСТВ. П/О /KRKA/;ABC-N/A
БИСОПРОЛОЛ 2,5МГ. №60 ТАБ. П/О /ВЕРТЕКС/;ABC-N/A
БРАЛ 500МГ. №20 ТАБ.;ABC-N/A
ЙОДА 5% 25МЛ. №1 СПИРТ. Р-Р Д/НАРУЖ.ПРИМ. ФЛ. /ТУЛЬСКАЯ ФФ/;ABC-N/A
ХЕЛП БИНТ СТЕР. 7МХ14СМ И/У [HELP];ACA-Y
БРИЛЛИАНТОВЫЙ ЗЕЛЕН 1% 25МЛ. №1 СПИРТ. Р-Р Д/НАРУЖ.ПРИМ. ФЛ. /САМАРАМЕДПРОМ/ЖЕНЕЛ/;ACA-Z
МАСКА МЕД. ТРЕХСЛОЙНАЯ (3-Х) НА РЕЗИНКЕ №5;ACA-Z
ГЕМАТОГЕН РУССКИЙ ДЕТСКИЙ 40Г. ПЛИТКА /ФАРМ-ПРО/;ACA-Z
АСКОРБИНКА ЛУНТИК ВИТ.С №10 ТАБ. (30Г.) /ФАРМ-ПРО/ТИГОДА-ФАРМ/;ACA-Z
КОНТЕЙНЕР Д/СБОРА БИОМАТЕРИАЛА 100МЛ. СТЕР. (БАНКА);ACA-Z
ЛЕЙКОПЛАСТЫРЬ БАКТЕР. 2,5Х7,2 №1 /ВЕРОФАРМ/;ACA-Z
ПАКЕТ;ACA-Z
ПАРАЦЕТАМОЛ 500МГ. №20 ТАБ. /ФАРМСТАНДАРТ/;ACA-Z
НАФТИЗИН 0,1% 15МЛ. НАЗАЛ.КАПЛИ ФЛ./КАП. /СЛАВЯНСКАЯ АПТЕКА/;ACA-Z
ГЛИЦИН 100МГ. №50 ТАБ. ПОДЪЯЗЫЧ. /БИОТИКИ/;ACA-Z
АСКОРБИНОВАЯ К-ТА 25МГ. ВИШНЯ №10 ТАБ. КРУТКА САХ. /АСКОПРОМ/;ACA-Z
СИЛЬВЕР КАПИТАН БАТОНЧИК КОКОС БЕЛ.ГЛАЗ. 50Г.;ACA-Z
ПЕРЕКИСЬ ВОДОРОДА 3% 100МЛ. №1 Р-Р ДЕЗ.СР-ВО ФЛ. (НДС 20%);ACA-Z
Карта LOYALITY 0,01Р;ACA-Z
ЛЮКСПЛАСТ ЛЕЙКОПЛАСТ. БАКТЕР. 19Х72ММ ПЕРФ. ТЕЛЕСН. ПОЛИМЕР. №10 [LUXPLAST];ACA-N/A
СФМ СИСТЕМА Д/ПЕРЕЛИВ. ИНФУЗ. Р-РОВ №1 ПЛАСТ.ИГЛА [SFM];ACA-N/A
ЦИТРАМОН П №10 ТАБ. /ФАРМСТАНДАРТ/;ACA-N/A
ПАСКАЛЬ ШПРИЦ 3-Х КОМП. 20МЛ. С ИГЛОЙ 21G 0,8Х40ММ. №5 [PASCAL];ACA-N/A
КАМФОРНЫЙ СПИРТ 10% 40МЛ. №1 Р-Р Д/НАРУЖ.ПРИМ. ФЛ. /ИВАНОВСКАЯ ФФ/;ACA-N/A
ТИАМИНА ХЛОРИД 50МГ/МЛ. 1МЛ. №10 Р-Р Д/В/М ВВЕД. АМП. (ВИТАМИН В1) /СТАТУСФАРМ/ЕРЕВАН.ФФ/;ACA-N/A
ПРЕДНИЗОЛОН 0,5% 15Г. МАЗЬ Д/НАРУЖ.ПРИМ. ТУБА /БИОСИНТЕЗ/;ACA-N/A
НИФЕДИПИН 10МГ. №50 ТАБ. П/П/О /ОЗОН/;ACA-N/A
СТАРЫЙ ИСТОЧНИК СЛАВЯНОВСКАЯ ВОДА МИНЕР. ЭЛИТНАЯ 1Л.;ACA-N/A
ЦЕФАЗОЛИНА НАТРИЕВАЯ СОЛЬ 1Г. №1 ПОР. Д/Р-РА В/В,В/М ФЛ. /БИОСИНТЕЗ/;ACA-N/A
САЛФЕТКИ 8-И СЛОЙНАЯ СТЕР. 10СМХ10СМ №10;ACA-N/A
ИНДАПАМИД 2,5МГ. №30 ТАБ. П/О /КАНОНФАРМА/;ACA-N/A
ГИДРОКОРТИЗОН 1% 10Г. МАЗЬ Д/НАРУЖ.ПРИМ. ТУБА /НИЖФАРМ/;ACA-N/A
РЕТИНОЛА АЦЕТАТ 33000МЕ №30 КАПС. (ВИТАМИН А) /МЕЛИГЕН/;ACA-N/A
ЛЕЙКОПЛАСТЫРЬ БАКТЕР. 6X10 №1 /ВЕРОФАРМ/;ACA-N/A
САЛФЕТКИ ДВУХСЛ. СТЕР. 45Х29СМ №5;ACA-N/A
ЛЮКСПЛАСТ ЛЕЙКОПЛАСТ. БАКТЕР. 19Х72ММ ТКАН. ЭЛ.ТЕЛЕСН. №10 [LUXPLAST];ACA-N/A
ПИОНА НАСТОЙКА 25МЛ. И/У ФЛ. /ИВАНОВСКАЯ ФФ/;ACA-N/A
СЕНСЕ МАСКА МЕД. ТРЕХСЛОЙНАЯ (3-Х) НА РЕЗИНКЕ ГОЛ. №10 [SENSE];ACA-N/A
АСКОРБИНКА ЛУНТИК ВИТ.С КЛУБНИКА №10 ТАБ. (30Г.) /ФАРМ-ПРО/ТИГОДА-ФАРМ/;ACA-N/A
ЭВО ПАНТЕНОЛ ПОМАДА ГИГИЕН. 2,8Г. [EVO] /АВАНТА/;ACA-N/A
МЕРИДИАН МОЧЕПРИЕМНИК ДЕТСКИЙ PD2200 200МЛ. [MERIDIAN];ACA-N/A
РИНОРУС 0,1% 10МЛ. НАЗАЛ.КАПЛИ ФЛ./КАП. И/У /СИНТЕЗ/;ACA-N/A
ПЕРЕКИСЬ ВОДОРОДА 3% 200МЛ. Р-Р ФЛ. ПЛАСТ. /ЛЕКАРЬ/;ACA-N/A
САЛИПОД ЛЕЙКОПЛАСТ. МОЗОЛЬНЫЙ 6Х10СМ. /ВЕРОФАРМ/;ACA-N/A
АУРА ВАТНЫЕ ДИСКИ №100 [AURA];ACA-N/A
КРЕМ ДЕТСКИЙ РОМАШКА+ВИТ.А+F 75МЛ. /АВАНТА/;ACA-N/A
БИСАКОДИЛ-НИЖФАРМ 10МГ. №10 СУПП. РЕКТ. /НИЖФАРМ/;ACA-N/A
МЕТРОГИЛ 5МГ/МЛ. 100МЛ. №1 Р-Р Д/ИНФ. ФЛ. /ЮНИК/;ACA-N/A
ИБУПРОФЕН 200МГ. №50 ТАБ. П/О /БОРИСОВСКИЙ/;ACA-N/A
БИОВИТА ВОДА ПИТЬЕВАЯ СТРУКТУР. 0,6Л. Н/ГАЗ. [BIOVITA];ACA-N/A
ЭВЕРС-ЛАЙФ САЛФЕТКА СТЕР. 2-Х СЛ. 16Х14СМ. №10 [EVERS LIFE];ACA-N/A
МЕНОВАЗИН 40МЛ. №1 СПИРТ. Р-Р Д/НАРУЖ.ПРИМ. ФЛ. /ТУЛЬСКАЯ ФФ/;ACA-N/A
КОНТЕЙНЕР Д/СБОРА БИОМАТЕРИАЛА 60МЛ. +ШПАТЕЛЬ СТЕР. И/У (БАНКА);ACA-N/A
КАЛЕНДУЛЫ НАСТОЙКА 25МЛ. ФЛ. /ГИППОКРАТ/;ACA-N/A
ДОКТОР ПЕРЕЦ ЛЕЙКОПЛАСТ. ПЕРЦОВЫЙ 10X18 №1 ПЕРФ. /ВЕРОФАРМ/;ACA-N/A
МЕТРОНИДАЗОЛ 250МГ. №20 ТАБ. /МЕДИСОРБ/;ACA-N/A
ДОКТОР ПЕРЕЦ ЛЕЙКОПЛАСТ. ПЕРЦОВЫЙ 6X10 №1 ПЕРФ. /ВЕРОФАРМ/;ACA-N/A
БОРНАЯ К-ТА 10Г. ДЕЗ.СР-ВО ПОР. (НДС 20%);ACA-N/A
ЛЕЙКОПЛАСТЫРЬ БАКТЕР. 4Х10 №1 /ВЕРОФАРМ/;ACA-N/A
САЛИЦИЛОВАЯ К-ТА 2% 40МЛ. №1 СПИРТ. Р-Р Д/НАРУЖ.ПРИМ. ФЛ. /ИВАНОВСКАЯ ФФ/;ACA-N/A
ПЕРЕКИСЬ ВОДОРОДА 3% 100МЛ. №1 Р-Р ДЕЗ.СР-ВО ФЛ. ПЛАСТ. /САМАРАМЕДПРОМ/;ACA-N/A
ГИДРОПЕРИТ 1,5Г. №8 ТАБ. Д/Р-РА Д/МЕСТ. И НАРУЖ.ПРИМ. /ТАТХИМФАРМПРЕПАРАТЫ/;ACA-N/A
ПИПЕТКА ГЛ. ТРАВМОБЕЗ. №1 ФУТ.;ACA-N/A
САЛФЕТКИ 8-И СЛОЙНАЯ СТЕР. 5СМХ5СМ №10;ACA-N/A
РИНОСТОП 0,1% 10МЛ. НАЗАЛ.КАПЛИ ФЛ./КАП. /ОТИСИФАРМ/ЛЕККО/ФАРМСТАНДАРТ ЛЕКСРЕДСТВА/;ACA-N/A
ЭНАМ 2,5МГ. №20 ТАБ. /Д-Р РЕДДИ/;ACA-N/A
ТИМОЛОЛ 0,5% 10МЛ. ГЛ.КАПЛИ ФЛ./КАП. /СЛАВЯНСКАЯ АПТЕКА/;ACA-N/A
АУРА ВАТНЫЕ ДИСКИ №120 [AURA];ACA-N/A
ВАЛЕРИАНА ЭКСТРАКТ 20МГ. №50 ТАБ. П/О /БОРИСОВСКИЙ/;ACA-N/A
ПЕРЕКИСЬ ВОДОРОДА 3% 1Л. Р-Р ДЕЗ.СР-ВО ФЛ.;ACA-N/A
АЦИКЛОВИР-АКРИХИН 200МГ. №20 ТАБ. /АКРИХИН/;ACA-N/A
МУКАЛТИН 50МГ. №20 ТАБ. /ФАРМСТАНДАРТ/;ACA-N/A
МЕДИКОМЕД ГИАЛУРОНОВАЯ К-ТА ГЕЛЬ КОСМЕТИЧ. 15МЛ. ФЛ.;ACA-N/A
ПЕРТУССИН-ЭКО 100МЛ. СИРОП ФЛ. /ЭКОЛАБ/;ACA-N/A
БРОМГЕКСИН 8МГ. №50 ТАБ. /МЕДИСОРБ/;ACA-N/A
ДИАЗОЛИН 100МГ. №10 ДРАЖЕ /ФАРМСТАНДАРТ-УФАВИТА/;ACA-N/A
АСКОРБИНОВАЯ К-ТА 100МГ.+877МГ. ГЛЮКОЗА №40 ТАБ. /ФАРМСТАНДАРТ/;ACA-N/A
КАПТОПРИЛ 50МГ. №20 ТАБ. /ОЗОН/;ACA-N/A
ЛИДОКАИН 20МГ/МЛ. 2МЛ. №10 Р-Р Д/ИН. АМП. /ДАЛЬХИМФАРМ/;ACA-N/A
ТРОМБОПОЛ 75МГ. №30 ТАБ.КШ/РАСТВ. П/О /ПОЛЬФАРМА/;ACA-N/A
ЛЕВОМИЦЕТИН 1% 25МЛ. №1 СПИРТ. Р-Р Д/НАРУЖ.ПРИМ. ФЛ./КАП. /ТУЛЬСКАЯ ФФ/;ACA-N/A
БОЯРЫШНИКА НАСТОЙКА 25МЛ. ФЛ. /ГИППОКРАТ/;ACA-N/A
АТЕНОЛОЛ РЕНЕВАЛ 100МГ. №30 ТАБ. /ОБНОВЛЕНИЕ/;ACA-N/A
СИЛЬВЕР КАПИТАН БАТОНЧИК КОКОС ШОК.ГЛАЗ. 50Г.;ACA-N/A
АСКОРБИНОВАЯ К-ТА 25МГ. ЯБЛОКО №10 ТАБ. КРУТКА САХ. /АСКОПРОМ/;ACC-X
АЦЕТИЛСАЛИЦИЛОВАЯ К-ТА 500МГ. №20 ТАБ. /ФАРМСТАНДАРТ/;ACC-X
Карта LOYALITY 25Р;ACC-N/A
ЛЕЙКОПЛАСТЫРЬ 1Х500 РУЛОН КОНТ.УПАКОВКА/ПАКЕТ /ВЕРОФАРМ/;ACC-N/A
ФУКОРЦИН 25МЛ. Р-Р Д/НАРУЖ.ПРИМ. ФЛ. /ТУЛЬСКАЯ ФФ/;ACC-N/A
ЛАКОМКА ПОМАДА ГИГИЕН. ЯГОДНЫЙ МИКС 2,8Г. /АВАНТА/;ACC-N/A
ГЛЮКОЗА 40% 10МЛ. №10 Р-Р Д/ИН. АМП. /ДАЛЬХИМФАРМ/;ACC-N/A
КОНТЕЙНЕР Д/СБОРА БИОМАТЕРИАЛА 120МЛ. УНИВЕРС. СТЕР. (БАНКА);ACC-N/A
ЙОДА 5% 10МЛ. СПИРТ. Р-Р ФЛ. /ЯРОСЛАВСКАЯ ФФ/;ACC-N/A
ЛЕВОМИЦЕТИН 0,25% 10МЛ. №1 ГЛ.КАПЛИ ФЛ./КАП. /ЛЕККО/;ACC-N/A
КАЛИНОВ РОДНИК ВОДА МИНЕР. 0,5Л. Н/ГАЗ.;ACC-N/A
АТЕНОЛОЛ РЕНЕВАЛ 50МГ. №30 ТАБ. /ОБНОВЛЕНИЕ/;ACC-N/A
ДИКЛОФЕНАК 50МГ. №20 ТАБ.КШ/РАСТВ. П/О /ХЕМОФАРМ/;ACC-N/A
ДИКЛОФЕНАК 100МГ. №20 ТАБ.ПРОЛОНГ. П/О /НИЖФАРМ/ХЕМОФАРМ/;ACC-N/A
ПАНКРЕАТИН 30ЕД №60 ТАБ.КШ/РАСТВ. П/О БАНКА /ФАРМПРОЕКТ/;ACC-N/A
ЦИАНОКОБАЛАМИН 0,5МГ/МЛ. 1МЛ. №10 Р-Р Д/ИН. АМП. (ВИТАМИН В12) /ДАЛЬХИМФАРМ/;ACC-N/A
ВАЗЕЛИН 30Г. МАЗЬ Д/НАРУЖ.ПРИМ. ТУБА /МУРОМСКИЙ/;ACC-N/A
НАТРИЯ ХЛОРИД 0,9% 100МЛ. №28 Р-Р Д/ИНФ. /ЭСКОМ/;CAC-Z
ЛОГЕСТ 75МКГ.+20МКГ. №21 ТАБ. П/О;CAC-N/A
ДОППЕЛЬГЕРЦ АКТИВ ОМЕГА-3 №80 КАПС.;CAC-N/A
СЕНИ ТРУСИКИ АКТИВ ВПИТЫВ. НОРМАЛ Р.L(3) №10 (100-135СМ.) [SENI];CAC-N/A
СУПРАКС СОЛЮТАБ 400МГ. №7 ТАБ. ДИСПЕРГ.;CAC-N/A
АЛЬФА НОРМИКС 200МГ. №12 ТАБ. П/П/О;CAC-N/A
ДЕТРАЛЕКС 500МГ. №30 ТАБ. П/П/О;CAC-N/A
КСАЛАТАН 0,005% 2,5МЛ. №3 ГЛ.КАПЛИ ФЛ./КАП.;CAC-N/A
ТЕЛМИСТА 80МГ. №84 ТАБ.;CAC-N/A
СЕНИ ПОДГУЗНИКИ СУПЕР АИР ЭКСТРА ЛАРЧ Д/ВЗР. Р.XL(4) №30 (130-170СМ.) [SENI];CAC-N/A
НОВИНЕТ 150МКГ+20МКГ. №63 (21X3) ТАБ. П/О /ГЕДЕОН РИХТЕР/;CAC-N/A
ЦЕЛЕБРЕКС 200МГ. №30 КАПС.;CAC-N/A
СЕНИ ПОДГУЗНИКИ СУПЕР ПЛЮС АИР ЭКСТРА ЛАРЧ Д/ВЗР. Р.XL(4) №30 (130-170СМ.) [SENI];CAC-N/A
ПРАДАКСА 110МГ. №180 КАПС. /БЕРИНГЕР/;CAC-N/A
РЕГУЛОН 150МКГ+30МКГ. №63 (21X3) ТАБ. П/О /ГЕДЕОН РИХТЕР/;CAC-N/A
ГЕЛАДРИНК ФОРТЕ ПОР. Д/ПРИЕМА ВНУТРЬ АПЕЛЬСИН 420Г. БАНКА;CAC-N/A
ПУЛЬМИКОРТ 0,25МГ/МЛ. 2МЛ. №20 СУСП. Д/ИНГ. КОНТ. /АСТРА ЗЕНЕКА/;CAC-N/A
ДОРЗОПТ ПЛЮС 20+5МГ/МЛ. 5МЛ. ГЛ.КАПЛИ ФЛ./КАП.;CAC-N/A
НАЗОНЕКС 50МКГ/ДОЗА 18Г. 120ДОЗ №1 НАЗАЛ.СПРЕЙ ФЛ.;CAC-N/A
ВАЛЬСАКОР Н 160МГ.+12,5МГ. №90 ТАБ. П/П/О /KRKA/;CAC-N/A
МИЛЬГАММА КОМПОЗИТУМ 100МГ+100МГ. №60 ТАБ. П/О;CAC-N/A
АККУ-ЧЕК ТЕСТ-ПОЛОСКИ ПЕРФОРМА №100 (50Х2) [ACCU-CHEK];CAC-N/A
ИРУНИН 100МГ. №14 КАПС. /ВЕРОФАРМ/;CAC-N/A
АЭРТАЛ 100МГ. №60 ТАБ. П/П/О;CAC-N/A
ТЕРАФЛЮ ЭКСТРА ЛИМОН ОТ ГРИППА И ПРОСТУДЫ 15Г. №10 ПОР. Д/Р-РА Д/ПРИЕМА ВНУТРЬ ПАК.;CAC-N/A
КАЛЬЦИЙ Д3 НИКОМЕД 500МГ.+200МЕ №60 КЛУБНИКА+АРБУЗ ТАБ.ЖЕВ.;CAC-N/A
МЕЛАТОНИН 3МГ. №30 ТАБ. П/П/О /ОЗОН/;CAC-N/A
УРОЛЕСАН 25МЛ. КАПЛИ Д/ПРИЕМА ВНУТРЬ ФЛ.;CAC-N/A
ТРОКСЕРУТИН ВРАМЕД 300МГ. №50 КАПС. /СОФАРМА/;CAC-N/A
ЦЕФИКСИМ ЭКСПРЕСС 400МГ. №7 ТАБ. ДИСПЕРГ.;CAC-N/A
ТЕЛЗАП 40МГ. №30 ТАБ.;CAC-N/A
ДРАПОЛЕН 55Г. КРЕМ Д/НАРУЖ.ПРИМ. ТУБА;CAC-N/A
БЕЙБИ КАЛМ Д/МЛАДЕНЦЕВ 15МЛ. КАПЛИ (СИРОП) ФЛ. БЕБИ;CAC-N/A
НАТАЛЬСИД 250МГ. №10 СУПП. РЕКТ. /НИЖФАРМ/;CAC-N/A
АКВА МАРИС НОРМ ИНТЕНСИВ. ПРОМЫВАНИЕ 150МЛ. НАЗАЛ.СПРЕЙ;CAC-N/A
ТРИПЛИКСАМ 10МГ.+2,5МГ.+10МГ. №30 ТАБ. П/П/О;CAC-N/A
ФУРАМАГ 50МГ. №30 КАПС. /ОЛАЙНФАРМ/;CAC-N/A
РАЗО 20МГ. №30 ТАБ.КШ/РАСТВ. П/О;CAC-N/A
ПОСТЕРИЗАН №10 СУПП. РЕКТ.;CAC-N/A
ЛОНГИДАЗА 3000МЕ №10 СУПП. РЕКТ./ВАГИН.;CAC-N/A
НЕБИВОЛОЛ-СЗ 5МГ. №56 ТАБ. /СЕВЕРНАЯ ЗВЕЗДА/;CAC-N/A
ДЮФАЛАК 667МГ/МЛ. 500МЛ. СИРОП ФЛ. +МЕРН.СТАКАН /ЭББОТТ/СОЛВЕЙ/;CAC-N/A
МИДОКАЛМ 50МГ. №30 ТАБ. П/П/О /ГЕДЕОН РИХТЕР/;CAC-N/A
КАЛЬЦЕМИН АДВАНС №60 ТАБ. П/П/О;CAC-N/A
УРСОФАЛЬК 250МГ/5МЛ. 250МЛ. СУСП. Д/ПРИЕМА ВНУТРЬ ФЛ. /ФАЛЬК ФАРМА/ВИФОР/;CAC-N/A
ЛИТТЛ ДОКТОР ТОНОМЕТР LD-51U АВТОМАТ НА ПЛЕЧО 22-42СМ. +АДАПТЕР [LITTLE DOCTOR];CAC-N/A
ТАВАНИК 500МГ. №10 ТАБ. П/П/О /САНОФИ-АВЕНТИС/;CAC-N/A
КО-ВАМЛОСЕТ 5МГ.+160МГ.+12,5МГ. №30 ТАБ. П/П/О;CAC-N/A
НЕОБУТИН 200МГ. №30 ТАБ.;CAC-N/A
ДИВАЗА №100 ТАБ. Д/РАСС.;CAC-N/A
ДАНТИНОРМ БЕБИ 1МЛ. №10 Р-Р Д/ВНУТР. Д/СНЯТ.ВОСПАЛ. ДЕСЕН ПРИ ПРОРЕЗ;CAC-N/A
ПРОТЕФИКС ОЧИСТИТЕЛЬ АКТИВН. Д/ЗУБ.ПРОТЕЗ. №66 ТАБ. [PROTEFIX];CAC-N/A
ДЮСПАТАЛИН 200МГ. №30 КАПС. РЕТАРД /ЭББОТТ/;CAC-N/A
ДОППЕЛЬГЕРЦ АКТИВ МАГНИЙ+ВИТ. ГРУППЫ В №30 ТАБ.;CAC-N/A
ПАНАНГИН ФОРТЕ 316МГ+280МГ. №60 ТАБ. П/П/О /ГЕДЕОН РИХТЕР/;CAC-N/A
КОМБИЛИПЕН ТАБС №60 ТАБ. П/П/О;CAC-N/A
СУПРАДИН КИДС РЫБКИ №30 ПАСТИЛКИ ЖЕВ.;CAC-N/A
ВИПИДИЯ 25МГ. №28 ТАБ. П/П/О /ТАКЕДА/;CAC-N/A
САТЕЛЛИТ СЕНСОРЫ ПЛЮС ПКГЭ-02.4 №50 ТЕСТ ПОЛОСКИ;CAC-N/A
БИФИФОРМ №30 КАПС. КШ/РАСТВ.;CAC-N/A
КОКАРНИТ 187,125МГ. №3 ЛИОФ. Д/Р-РА Д/В/М АМП. +Р-ЛЬ 2МЛ. №3 АМП.;CAC-N/A
КАТАЛИН 750МГ. ТАБ. +15МЛ. Р-ЛЬ ГЛ.КАПЛИ;CAC-N/A
ВОЛЬТАРЕН ЭМУЛЬГЕЛЬ 2% 50Г. ГЕЛЬ Д/НАРУЖ.ПРИМ. ТУБА;CAC-N/A
СТРЕЗАМ 50МГ. №60 КАПС.;CAC-N/A
МИЛДРОНАТ 500МГ. №30 КАПС. /ГРИНДЕКС/;CAC-N/A
КАНЕФРОН Н №120 ТАБ. П/О;CAC-N/A
КРЕОН 25000 №20 КАПС. КШ/РАСТВ. ФЛ. /ЭББОТТ/;CAC-N/A
АМИКСИН 125МГ. №6 ТАБ. П/П/О /ОТИСИФАРМ/ФАРМСТАНДАРТ/;CAC-N/A
ЮНИДОКС СОЛЮТАБ 100МГ. №20 ТАБ.ДИСПЕРГ. /АСТЕЛЛАС/;CAC-N/A
СТЕЛЛАНИН-ПЭГ 3% 20Г. МАЗЬ Д/НАРУЖ.ПРИМ. ТУБА;CAC-N/A
МЕЛАТОНИН-СЗ 3МГ. №60 ТАБ. П/П/О;CAC-N/A
АКВАЛОР ЭКСТРА ФОРТЕ 150МЛ. АЛОЭ+РОМАШКА НАЗАЛ.СПРЕЙ;CAC-N/A
АЛЛАПИНИН 25МГ. №30 ТАБ. /ВИЛАР/;CAC-N/A
АКТОВЕГИН 40МГ/МЛ. 5МЛ. №5 Р-Р Д/ИН. АМП.;CAC-N/A
БЕПАНТЕН ПЛЮС 5% 30Г. №1 КРЕМ Д/НАРУЖ.ПРИМ. ТУБА;CAC-N/A
ГИНКОУМ 40МГ. №60 КАПС. /ЭВАЛАР/;CAC-N/A
БЕТОПТИК С 0,25% 5МЛ. ГЛ.КАПЛИ ФЛ./КАП.;CAC-N/A
БУСКОПАН 10МГ. №20 ТАБ. П/О;CAC-N/A
МАГНЕЛИС В6 №90 ТАБ. П/О;CAC-N/A
КОНТЕКС ПРЕЗЕРВАТИВ LIGHTS ОСОБО ТОНКИЕ №12 [CONTEX];CAC-N/A
МАКСИЛАК СИНБИОТИК №10 КАПС.;CAC-N/A
АРКОКСИА 90МГ. №28 ТАБ. П/П/О;CAC-N/A
АРТРАДОЛ 100МГ. №20 ЛИОФ. Д/Р-РА Д/В/М АМП.;CAC-N/A
БЕТАСЕРК 16МГ. №30 ТАБ. /ЭББОТ/;CAC-N/A
ВИЛЬПРАФЕН СОЛЮТАБ 1000МГ. №10 ТАБ. ДИСПЕРГ. /АСТЕЛЛАС/;CAC-N/A
ТОНОМЕТР UA-604 П/АВТОМАТ [AND];CAC-N/A
РИГЕВИДОН 0,15МГ+0,03МГ. №63 (21Х3) ТАБ. П/О /ГЕДЕОН РИХТЕР/;CAC-N/A
ОМРОН ТОНОМЕТР M2 БАЗИК АВТОМАТ АДАПТЕР /АРТ.HEM-7121-ARU/ [OMRON];CAC-N/A
ДОНА 750МГ. №60 ТАБ. П/О;CAC-N/A
ТРАВАТАН 0,004% 2,5МЛ. №3 ГЛ.КАПЛИ ФЛ./КАП.;CAC-N/A
КОЛЕТЕКС КОЛЕГЕЛЬ-ДНК-Л ДЕРИНАТ+ЛИДОКАИН 100МЛ. ТУБА (САЛФЕТКА ГИДРОГЕЛЕВ.);CAC-N/A
ТРИМЕДАТ ФОРТЕ 300МГ. №60 ТАБ.ПРОЛОНГ. П/П/О;CAC-N/A
АЛЬФА НОРМИКС 200МГ. №28 ТАБ. П/П/О;CAC-N/A
РЕННИ №24 ТАБ.ЖЕВ. МЯТА Б/САХ.;CAC-N/A
ЛАКТОФИЛЬТРУМ 500МГ. №30 ТАБ.;CAC-N/A
ХАРТМАНН КОСМОПОР Е ПОВЯЗКА 7,2Х5СМ №50 П/ОПЕР. САМОКЛ. СТЕР. /АРТ.9008705/ [HARTMANN COSMOPOR];CAC-N/A
ДЕРМОВЕЙТ 0,05% 25Г. КРЕМ Д/НАРУЖ.ПРИМ. ТУБА;CAC-N/A
СТОМАТОФИТ 100МЛ. ЭКСТРАКТ Д/МЕСТ.ПРИМ. ФЛ.;CAC-N/A
ЦИТОФЛАВИН 10МЛ. №5 Р-Р Д/В/В АМП. /ПОЛИСАН/;CAC-N/A
ТОРВАКАРД 20МГ. №30 ТАБ. П/П/О /САНОФИ/САНЕКА/;CAC-N/A
ФЕСТАЛ №40 ДРАЖЕ;CAC-N/A
ДЕПАНТОЛ 100МГ.+16МГ. №10 СУПП. ВАГ. /НИЖФАРМ/;CAC-N/A
ЭСПУМИЗАН 40МГ. №25 КАПС. /БЕРЛИН-ХЕМИ/;CAC-N/A
РОЗУВАСТАТИН-СЗ 20МГ. №30 ТАБ. П/П/О;CAC-N/A
РИНОФЛУИМУЦИЛ 10МЛ. СПРЕЙ НАЗАЛ. ФЛ. /ЗАМБОН/;CAC-N/A
ГРАММИДИН НЕО С АНЕСТЕТИКОМ №18 ТАБ. Д/РАСС.;CAC-N/A
НУТРИДРИНК СМЕСЬ Д/ЭНТЕР. ПИТАНИЯ КЛУБНИКА 200МЛ.;CAC-N/A
АМИНТАКС 35000МЕ+10000МЕ+35000МЕ №10 СУПП. ВАГ.;CAC-N/A
ПЕНТАЛГИН ЭКСТРА-ГЕЛЬ 5% 50Г. ГЕЛЬ Д/НАРУЖ.ПРИМ. ТУБА;CAC-N/A
БРОКСИНАК 0,09% 2,5МЛ. №1 ГЛ.КАПЛИ ФЛ.;CAC-N/A
КОРЕГА ТАБС БИОФОРМУЛА Д/ЧИСТ. ЗУБ.ПРОТЕЗОВ №30 ТАБ. [COREGA];CAC-N/A
НЕОТАНИН КРЕМ Д/ДЕТ. И ВЗРОС. 50Г. ТУБА;CAC-N/A
ВАЛЬСАКОР 80МГ. №30 ТАБ. П/П/О /KRKA/;CAC-N/A
НАЙЗ АКТИВГЕЛЬ 1% 50Г. №1 ГЕЛЬ Д/НАРУЖ.ПРИМ. ТУБА;CAC-N/A
ОРВИРЕМ 2МГ/МЛ. 100МЛ. СИРОП Д/ДЕТЕЙ;CAC-N/A
НОРМОБАКТ-L 3Г. №10 ПОР. Д/-Р-РА Д/ПРИЕМА ВНУТРЬ САШЕ;CAC-N/A
КО-ДАЛЬНЕВА 5МГ+0,625МГ.+2МГ. №30 ТАБ.;CAC-N/A
КИЕВГУМА БИНТ МАРТЕНСА 3,5М.;CAC-N/A
БИКСИТОР 90МГ. №10 ТАБ. П/П/О;CAC-N/A
ГЛИЦИН ФОРТЕ 500/580МГ. №60 ТАБ. Д/РАСС. /ЭВАЛАР/;CAC-N/A
ДОППЕЛЬГЕРЦ АКТИВ ГЛИЦИН+ВИТ.В №30 КАПС.;CAC-N/A
БЕТОФТАН 0,5% 5МЛ. ГЛ.КАПЛИ ФЛ./КАП.;CAC-N/A
СФМ ШПРИЦ 10МЛ. 3-Х КОМП. 0,8Х40ММ 21G №100 [SFM];CAC-N/A
КЕСТИН 20МГ. №10 ТАБ. П/О;CAC-N/A
ОРДИСС 16МГ. №30 ТАБ.;CAC-N/A
НЕБИЛЕТ 5МГ. №14 ТАБ. /МЕНАРИНИ/;CAC-N/A
СФМ ШПРИЦ 3МЛ. 3-Х КОМП. 0,6Х30ММ 23G №100 [SFM];CAC-N/A
ЭНТЕРОФУРИЛ 200МГ. №16 КАПС.;CAC-N/A
РЕНЮ Р-Р Д/ЛИНЗ MULTIPLUS 240МЛ. ФЛ. [RENU];CAC-N/A
ХОЛИСАЛ 10Г. ГЕЛЬ СТОМАТ. ТУБА;CAC-N/A
ЭТОРИАКС 90МГ. №7 ТАБ. П/П/О;CAC-N/A
АНАУРЕТТЕ СПРЕЙ Д/ОЧИЩ. УШНОЙ ПОЛОСТИ 15МЛ.;CAC-N/A
СПАЗГАН №100 ТАБ.;CAC-N/A
КАРДИОАКТИВ ТАУРИН 500МГ. №60 ТАБ. /ЭВАЛАР/;CAC-N/A
ПРОКТО-ГЛИВЕНОЛ 2% 30Г. КРЕМ РЕКТ. ТУБА;CAC-N/A
АТОПИК ГЕЛЬ Д/КУПАНИЯ С ГОЛОВЫ ДО ПЯТОК Д/ДЕТ. 0+ 200МЛ. ФЛ. [ATOPIC];CAC-N/A
ОКТОЛИПЕН 600МГ. №30 ТАБ. П/П/О /ФАРСТАНДАРТ-ЛЕКСРЕДСТВА/;CAC-N/A
РЕЛИФ 5МГ. №10 СУПП. РЕКТ.;CAC-N/A
МИРАМИСТИН 0,01% 150МЛ. №1 Р-Р Д/МЕСТ.ПРИМ. ФЛ. С РАСП.;CAC-N/A
ГУТТАСИЛ 7,5МГ/МЛ. 30МЛ. КАПЛИ Д/ПРИЕМА ВНУТРЬ ФЛ.;CAC-N/A
ФРАУ ТЕСТ НА ОВУЛЯЦИЮ №5 ТЕСТ-ПОЛОСКА [FRAUTEST];CAC-N/A
ФИТОЛАКС 500МГ. №40 ТАБ.ЖЕВ. /ЭВАЛАР/;CAC-N/A
ТРИГРИМ 5МГ. №30 ТАБ.;CAC-N/A
ТАНТУМ ВЕРДЕ 0,255МКГ/ДОЗА 30МЛ. 176ДОЗ СПРЕЙ Д/МЕСТ.ПРИМ. ДОЗИР. ФЛ.;CAC-N/A
ТРИМЕДАТ 200МГ. №30 ТАБ.;CAC-N/A
НИМУЛИД 100МГ. №30 ТАБ.;CAC-N/A
ЧУЛОК КРУГЛОВЯЗ. ДО БЕДРА 2 КОМПРЕСС. ОТКРЫТ. МЫСОК Р.1 (48-54) КРЕМ /АРТ.ЧККВ-ЦК/;CAC-N/A
ПОЛИСОРБ МП 50Г. №1 ПОР. Д/СУСП. БАНКА;CAC-N/A
СИЛДЕНАФИЛ-СЗ 100МГ. №10 ТАБ. П/П/О /СЕВЕРНАЯ ЗВЕЗДА/;CAC-N/A
СИЛДЕНАФИЛ-СЗ 100МГ. №20 ТАБ. П/П/О /СЕВЕРНАЯ ЗВЕЗДА/;CAC-N/A
ПЕНТОКСИФИЛЛИН-СЗ 400МГ. №20 ТАБ.ПРОЛОНГ. П/О /СЕВЕРНАЯ ЗВЕЗДА/;CAC-N/A
АПИЗАРТРОН 20Г. №1 МАЗЬ Д/НАРУЖ. ПРИМ. ТУБА;CAC-N/A
ФЕНИСТИЛ 0,1% 30Г. ГЕЛЬ Д/НАРУЖ.ПРИМ. ТУБА;CAC-N/A
ГЛЮКОЗА 5% 200МЛ. №28 Р-Р Д/ИНФ. БУТ. /МОСФАРМ/;CAC-N/A
ОФЛОМЕЛИД 100Г. МАЗЬ Д/НАРУЖ.ПРИМ. ТУБА /СИНТЕЗ/;CAC-N/A
ХАРТМАНН БРАНОЛИНД H ПОВЯЗКА СТЕР. 10Х20СМ. №30 ПЕРУАН.БАЛЬЗАМ /АРТ.4923462/ [BRANOLIND];CAC-N/A
НЕОТАНИН СПРЕЙ Д/ДЕТ. И ВЗРОС. 100МЛ. ФЛ.;CAC-N/A
ЛИВ-52 №100 ТАБ.;CAC-N/A
ПРОСТАПЛАНТ 320МГ. №30 КАПС.;CAC-N/A
ГРАММИДИН ДЕТСК. 1,5МГ+1МГ. №18 ТАБ. 4+;CAC-N/A
ЛИНЕКС ФОРТЕ №7 КАПС. /ЛЕК/;CAC-N/A
БАРАЛГИН М 500МГ. №100 ТАБ.;CAC-N/A
ДИОКСИДИН 5МГ/МЛ. 10МЛ. №10 Р-Р Д/ИНФ. И НАРУЖ.ПРИМ. АМП. /ВАЛЕНТА/НОВОСИБХИМФАРМ/ФЕРМЕНТ/ГРОТЕКС/;CAC-N/A
МОМАТ РИНО 50МКГ/ДОЗА 60ДОЗ НАЗАЛ.СПРЕЙ ФЛ.;CAC-N/A
АТОПИК КРЕМ Д/ЕЖЕДН. УХОДА Д/ДЕТ. 0+ 100МЛ. ФЛ. [ATOPIC];CAC-N/A
РЕГИДРОН 18,9Г. №20 ПОР. Д/Р-РА Д/ПРИЕМА ВНУТРЬ ПАК. /ОРИОН/;CAC-N/A
СФМ ШПРИЦ 5МЛ. 3-Х КОМП. 0,7Х40ММ 22G №100 [SFM];CAC-N/A
ПРЕДИЗИН 35МГ. №60 ТАБ.ПРОЛОНГ. П/П/О /ГЕДЕОН РИХТЕР/;CAC-N/A
КАПИЛАР 250МГ. №200 ТАБ.;CAC-N/A
ХАРТМАНН КОСМОПОР Е ПОВЯЗКА 10СМХ6СМ №25 П/ОПЕР. САМОКЛ. СТЕР. /АРТ.901009/ [HARTMANN COSMOPOR];CAC-N/A
ВЕЗИКАР 5МГ. №30 ТАБ. П/П/О /АСТЕЛЛАС/;CAC-N/A
ВЕССЕЛ ДУЭ Ф 250ЕД №60 КАПС.;CAC-N/A
СФМ ШПРИЦ 2МЛ. 3-Х КОМП. 0,63Х32ММ 23G №100 [SFM];CAC-N/A
РЕМЕНС №36 ТАБ. ПОДЪЯЗЫЧ. ГОМЕОПАТ.;CAC-N/A
МОВАЛИС 7,5МГ. №20 ТАБ.;CAC-N/A
КСАРЕЛТО 10МГ. №98 ТАБ. П/П/О /БАЙЕР/;CAC-N/A
НОЛИПРЕЛ А 2,5МГ.+0,625МГ. №30 ТАБ. П/П/О;CAC-N/A
МИКРОЛАКС 5МЛ. №12 Р-Р Д/РЕКТ. ВВЕД. МИКРОКЛИЗМА;CAC-N/A
ХАРТМАНН БРАНОЛИНД H ПОВЯЗКА СТЕР. 7,5Х10СМ. №30 ПЕРУАН.БАЛЬЗАМ /АРТ.4923432/ [BRANOLIND];CAC-N/A
МИЛЬГАММА 2МЛ. №10 Р-Р Д/В/М АМП.;CAC-N/A
ФИЛЬТРУМ-СТИ 400МГ. №50 ТАБ.;CAC-N/A
МИЛЬГАММА 2МЛ. №25 Р-Р Д/В/М АМП.;CAC-N/A
СИЛУЕТ 2МГ.+0,03МГ. №21 ТАБ. П/О /ГЕДЕОН РИХТЕР/;CAC-N/A
МАГНЕ В6 ФОРТЕ №40 ТАБ. П/П/О;CAC-N/A
АКТОВЕГИН 40МГ/МЛ. 2МЛ. №25 Р-Р Д/ИН. АМП.;CAC-N/A
СПАЗМАЛГОН №50 ТАБ.;CAC-N/A
КСАЛАТАН 0,005% 2,5МЛ. №1 ГЛ.КАПЛИ ФЛ./КАП.;CAC-N/A
БИЛОБИЛ 40МГ. №60 КАПС. /KRKA/;CAC-N/A
ВОЛЬТАРЕН ЭМУЛЬГЕЛЬ 2% 100Г. ГЕЛЬ Д/НАРУЖ.ПРИМ. ТУБА;CAC-N/A
НО-ШПА 20МГ/МЛ. 2МЛ. №25 Р-Р Д/В/В,В/М АМП. /ХИНОИН/;CAC-N/A
ПОЛИОКСИДОНИЙ 12МГ. №10 ТАБ. /ПЕТРОВАКС/;CAC-N/A
АЛЬФАГАН Р 0,15% 5МЛ. ГЛ.КАПЛИ ФЛ./КАП.;CAC-N/A
ЦИТОФЛАВИН №100 ТАБ.КШ/РАСТВ. /ПОЛИСАН/;CAC-N/A
МИДРИМАКС 5МЛ. №1 ГЛ.КАПЛИ ФЛ./КАП.;CAC-N/A
ТЕРЕЗА МЕД ПОДГУЗНИКИ Д/ВЗР. ЭКСТРА Р.3 L №28 [TEREZA];CAC-N/A
ХАРТМАНН КОСМОПОР Е ПОВЯЗКА 20СМХ10СМ №25 П/ОПЕР. САМОКЛ. СТЕР. /АРТ.9010220/900876/ [HARTMANN COSMO;CAC-N/A
СЕНАДЕ 13,5МГ. №500 ТАБ. /ЦИПЛА/;CAC-N/A
ФОСФАЛЮГЕЛЬ 16Г. №20 ГЕЛЬ Д/ПРИЕМА ВНУТРЬ ПАК.;CAC-N/A
ПРЕСТАНС 10МГ.+10МГ. №30 ТАБ.;CAC-N/A
АКРИДЕРМ ГК 0,05%+0,1%+1% 30Г. №1 КРЕМ Д/НАРУЖ.ПРИМ. ТУБА /АКРИХИН/;CAC-N/A
АЛЕРАНА ВИТАМИННО-МИНЕРАЛЬНЫЙ КОМПЛЕКС ДЕНЬ-НОЧЬ №60 ТАБ. [ALERANA];CAC-N/A
ПОЛИОКСИДОНИЙ 6МГ. №10 СУПП. РЕКТ./ВАГИН. /ПЕТРОВАКС/;CAC-N/A
РОЗАРТ 10МГ. №90 ТАБ. П/П/О;CAC-N/A
АТОРИС 20МГ. №90 ТАБ. П/П/О /KRKA/;CAC-N/A
ФЕСТАЛ №100 ДРАЖЕ;CAC-N/A
ТРИПЛИКСАМ 5МГ.+2,5МГ.+10МГ. №30 ТАБ. П/П/О;CAC-N/A
ДЕСИТИН 57Г./50МЛ. КРЕМ ТУБА;CBC-N/A
ГРАММИДИН НЕО 3МГ+1МГ. №18 ТАБ. Д/РАСС.;CBC-N/A
ПСИЛО-БАЛЬЗАМ 20Г. ГЕЛЬ Д/НАРУЖ.ПРИМ.;CBC-N/A
АМЕЛОТЕКС 1% 50Г. №1 ГЕЛЬ Д/НАРУЖ.ПРИМ. ТУБА;CBC-N/A
ОМНИТУС 50МГ. №10 ТАБ. МОДИФ.ВЫСВ. П/П/О;CBC-N/A
ДИМЕКСИД 99% 100МЛ. КОНЦ. Д/Р-РА Д/НАРУЖ.ПРИМ. ФЛ. /ЙОДНЫЕ ТЕХНОЛОГИИ И МАРКЕТИНГ/;CBC-N/A
НАЙЗ 1% 50Г. №1 ГЕЛЬ Д/НАРУЖ.ПРИМ. ТУБА;CBC-N/A
ЮНИДОКС СОЛЮТАБ 100МГ. №10 ТАБ.ДИСПЕРГ. /АСТЕЛЛАС/;CBC-N/A
ДЕ-НОЛ 120МГ. №32 ТАБ. П/П/О /АСТЕЛЛАС/;CBC-N/A
СТОПАНГИН-ТЕВА 0,2% 30МЛ. СПРЕЙ Д/МЕСТ.ПРИМ. ФЛ.;CBC-N/A
СУПРАСТИНЕКС 5МГ. №7 ТАБ. П/П/О;CBC-N/A
РИНЗАСИП С ВИТ.С ЛИМОН 5Г. №10 ПОР. Д/Р-РА Д/ПРИЕМА ВНУТРЬ ПАК.;CBC-N/A
ПРЕГИНОР 550МГ. №10 КАПС.;CBC-N/A
МЕКСИКОР 100МГ. №60 КАПС. /ЭКОФАРМИНВЕСТ/;CBC-N/A
МИРРОЛЛА СУЛЬСЕН ФОРТЕ ШАМПУНЬ 2% КЕТОКОНАЗОЛ 250МЛ. ФЛ.;CBC-N/A
ПАНТОКРИН 50МЛ. ЭКСТРАКТ Д/ПРИЕМА ВНУТРЬ ФЛ. /ФАРМСТАНДАРТ/;CBC-N/A
СТРЕПСИЛС ВИТ. С АПЕЛЬСИН №24 ТАБ. Д/РАСС.;CBC-N/A
ТЕРБИНАФИН 1% 30Г. КРЕМ Д/НАРУЖ.ПРИМ. ТУБА /ВЕРТЕ/;CBC-N/A
АТОРИС 20МГ. №30 ТАБ. П/П/О /KRKA/;CBC-N/A
АЙДИ ПРОТЕКТ ПЕЛЕНКИ ОДНОР. ВПИТ. 60Х90 №10 [ID];CBC-N/A
АЛМАГЕЛЬ А 170МЛ. №1 СУСП. Д/ПРИЕМА ВНУТРЬ ФЛ. /БАЛКАН ФАРМА-ТРОЯН/;CBC-N/A
ГЕВИСКОН МЯТА №24 ТАБ.ЖЕВ.;CBC-N/A
БИКСИТОР 60МГ. №10 ТАБ. П/П/О;CBC-N/A
МИКОСТОП СПРЕЙ Д/НОГ И Д/ОБУВИ ПРОФИЛАКТИКА ГРИБКА 150МЛ. ФЛ.;CBC-N/A
ДИКЛОФЕНАК-АКОС 5% 100Г. ГЕЛЬ Д/НАРУЖ.ПРИМ. ТУБА /СИНТЕЗ/;CBC-N/A
ДЮФАЛАК 667МГ/МЛ. 200МЛ. СИРОП ФЛ. +МЕРН.СТАКАН /ЭББОТТ/СОЛВЕЙ/;CBC-N/A
ГИПОСАРТ 8МГ. №28 ТАБ.;CBC-N/A
ЛЕРКАНИДИПИН-СЗ 10МГ. №30 ТАБ.П/О /СЕВЕРНАЯ ЗВЕЗДА/;CBC-N/A
АТОРВАСТАТИН-СЗ 40МГ. №30 ТАБ. П/П/О /СЕВЕРНАЯ ЗВЕЗДА/;CBC-N/A
СИРДАЛУД 4МГ. №30 ТАБ. /НОВАРТИС/;CBC-N/A
МОТИЛЕГАЗ ФОРТЕ 120МГ. №20 КАПС.;CBC-N/A
ГЕКСОРАЛ ТАБС КЛАССИК №16 АПЕЛЬСИН ТАБ. Д/РАСС.;CBC-N/A
КЛАРИТРОМИЦИН 500МГ. №14 ТАБ. П/П/О /РЕПЛЕКФАРМ/БЕРЕЗОВСКИЙ/;CBC-N/A
КОНКОР 10МГ. №30 ТАБ. П/П/О /МЕРК/;CBC-N/A
НЕОТРАВИСИЛ МЯТА №24 ПАСТИЛКИ [NEOTRAVISIL];CBC-N/A
ЛОЗАРТАН-КАНОН 100МГ. №60 ТАБ. П/О /КАНОНФАРМА/;CBC-N/A
АЛЛЕРВЭЙ 5МГ. №10 ТАБ. П/О;CBC-N/A
БЕТАДИН 10% 120МЛ. №1 Р-Р Д/МЕСТ. И НАРУЖ.ПРИМ. ФЛ. /ЭГИС/;CBC-N/A
ТАВЕГИЛ 1МГ. №20 ТАБ.;CBC-N/A
КРЕОН 10000 №20 КАПС. КШ/РАСТВ. ФЛ. /ЭББОТТ/;CBC-N/A
АТОРВАСТАТИН-СЗ 10МГ. №60 ТАБ. П/П/О /СЕВЕРНАЯ ЗВЕЗДА/;CBC-N/A
ФЛАМИН 50МГ. №30 ТАБ. /ВИФИТЕХ/;CBC-N/A
ОПТИ ФРИ КАПЛИ Д/ГЛАЗ УВЛАЖН. 15МЛ. [OPTI-FREE];CBC-N/A
БАЛЬЗАМ КАРАВАЕВА ВИТАОН 30МЛ. Д/ПОЛОСТИ РТА ФЛ.;CBC-N/A
ТЕНОРИК 100МГ.+25МГ. №28 ТАБ. П/П/О;CBC-N/A
ФУРАДОНИН 100МГ. №20 ТАБ. /ОЛАЙНФАРМ/;CBC-N/A
РЕГЕЦИН 15Г. ГЕЛЬ П/УГРЕВОЙ СЫПИ;CBC-N/A
КСИМЕЛИН ЭКСТРА 84МКГ/ДОЗА+70МКГ/ДОЗА 10МЛ. №1 НАЗАЛ.СПРЕЙ ДОЗИР. ФЛ.;CBC-N/A
СТРЕПСИЛС МЕНТОЛ+ЭВКАЛИПТ №24 ТАБ. Д/РАСС.;CBC-N/A
ЛАРИПРОНТ №20 ТАБ. Д/РАСС.;CBC-N/A
СИЛДЕНАФИЛ-СЗ 25МГ. №20 ТАБ. П/П/О /СЕВЕРНАЯ ЗВЕЗДА/;CBC-N/A
О.Б. ТАМПОНЫ ПРОКОМФОРТ МИНИ №16 [OB];CBC-N/A
МАКСИКОЛД РИНО МАЛИНА 15Г. №10 ПОР. Д/Р-РА Д/ПРИЕМА ВНУТРЬ ПАК.;CBC-N/A
АСЕПТА ПАРОДОНТАЛ ЗУБ.ПАСТА АКТИВ ПРОФИЛ. 75МЛ.;CBC-N/A
ЦИНК+ ВИТ.С 270МГ. №50 ТАБ. /ЭВАЛАР/;CBC-N/A
НАЗИВИН СЕНСИТИВ 22,5МКГ/ДОЗА 10МЛ. №1 6+ НАЗАЛ.СПРЕЙ ФЛ.;CBC-N/A
АМОКСИКЛАВ 250МГ.+62,5МГ/5МЛ. 25Г. 100МЛ. ПОР. Д/СУСП. Д/ПРИЕМА ВНУТРЬ ФЛ. +ПИПЕТ.ДОЗИР. /ЛЕК/;CBC-N/A
НУРОФЕН ЭКСПРЕСС 200МГ. №16 КАПС. /РЕКИТТ БЕНКИЗЕР/;CBC-N/A
КЕТОПРОФЕН-АКОС 5% 50Г. ГЕЛЬ Д/НАРУЖ.ПРИМ. ТУБА /СИНТЕЗ/;CBC-N/A
ПЕРИНДОПРИЛ-СЗ 8МГ. №30 ТАБ. /СЕВЕРНАЯ ЗВЕЗДА/;CBC-N/A
ГАСТАЛ №12 ТАБ. Д/РАСС.;CBC-N/A
ГЕКСОРАЛ ТАБС КЛАССИК №16 ЛИМОН ТАБ. Д/РАСС.;CBC-N/A
КАРДИОМАГНИЛ 75МГ.+15,2МГ. №100 ТАБ.;CBC-N/A
БЕТАЛОК ЗОК 50МГ. №30 ТАБ.ПРОЛОНГ. П/О /АСТРА ЗЕНЕКА/;CBC-N/A
ДИАКАРБ 250МГ. №30 ТАБ. /АКРИХИН/;CBC-N/A
СЛАБИЛЕН 5МГ. №20 ТАБ. П/П/О /ВЕРОФАРМ/;CBC-N/A
РУТАЦИД 500МГ. №20 ТАБ.ЖЕВ. /KRKA/;CBC-N/A
КАГОЦЕЛ 12МГ. №10 ТАБ. /НИАРМЕДИК ПЛЮС/;CBC-N/A
ЭМОКСИ-ОПТИК 10МГ/МЛ. 5МЛ. №1 ГЛ.КАПЛИ /СИНТЕЗ/;CBC-N/A
ПИНОСОЛ 10МЛ. НАЗАЛ.КАПЛИ ФЛ./КАП.;CBC-N/A
АТОРВАСТАТИН-СЗ 20МГ. №30 ТАБ. П/П/О /СЕВЕРНАЯ ЗВЕЗДА/;CBC-N/A
РЕНГАЛИН №20 ТАБ. Д/РАСС.;CBC-N/A
ПРОТАРГОЛ-ЛОР 200МГ. №1 ТАБ. Д/Р-РА Д/МЕСТ.ПРИМ. ФЛ.;CBC-N/A
ТОРАСЕМИД-СЗ 5МГ. №60 ТАБ. /СЕВЕРНАЯ ЗВЕЗДА/;CBC-N/A
ДИКЛОФЕНАК-АКОС 5% 50Г. ГЕЛЬ Д/НАРУЖ.ПРИМ. ТУБА /СИНТЕЗ/;CBC-N/A
НЕМОЗОЛ 400МГ. №1 ТАБ. П/П/О;CBC-N/A
ЗОЛОТОЙ ШЕЛК ШАМПУНЬ-УКРЕП. КОРНЕЙ П/ВЫПАД. 400МЛ.;CBC-N/A
ГЕКСОРАЛ ТАБС №20 ТАБ. Д/РАСС.;CBC-N/A
РОКС ЗУБ.ЩЕТКА МЕДИКАЛ ЭКСТРА МЯГКАЯ [ROCS];CBC-N/A
ТЕНОРИК 50МГ.+12,5МГ. №28 ТАБ. П/П/О;CBC-N/A
КОТЕКС ПРОКЛАДКИ УЛЬТРА СУПЕР СОФТ №8 [KOTEX];CBC-N/A
ВИТАМИН Д3 ХОЛЕКАЛЬЦИФЕРОЛ 2000МЕ 570МГ. №30 КАПС. /РЕАЛКАПС/;CBC-N/A
ЗИННАТ 250МГ. №10 ТАБ. П/П/О /ГЛАКСО/;CBC-N/A
ЦЕТРИН 10МГ. №30 ТАБ. П/П/О /Д-Р РЕДДИ/;CBC-N/A
НЕКСИУМ 20МГ. №28 ТАБ. П/О /АСТРА ЗЕНЕКА/;CBC-N/A
НО-ШПА 40МГ. №64 ТАБ. ФЛ. ДОЗАТОР /ХИНОИН/;CBC-N/A
КОДЕЛАК НЕО 1,5МГ/МЛ. 100МЛ. №1 СИРОП ФЛ.;CBC-N/A
МЕЛОКСИКАМ-ТЕВА 15МГ. №10 ТАБ.;CBC-N/A
МОЕ СОЛНЫШКО САЛФЕТКИ ВЛАЖН. ПАНТЕНОЛ №70;CBC-N/A
КОЛДАКТ ФЛЮ ПЛЮС №10 КАПС.ПРОЛОНГ;CBC-N/A
МОЕ СОЛНЫШКО ГЕЛЬ-КРЕМ Д/КУПАНИЯ АБРИКОСОВЫЙ ОСТРОВ 400МЛ.;CBC-N/A
КЕТОНАЛ 50МГ/МЛ. 2МЛ. №10 Р-Р Д/В/В,В/М АМП. /ЛЕК/;CBC-N/A
ЛЕСПЕФРИЛ 100МЛ. Р-Р Д/ПРИЕМА ВНУТРЬ ФЛ. /ВИФИТЕХ/;CBC-N/A
ИМОДИУМ ЭКСПРЕСС 2МГ. №10 ТАБ.ЛИОФ. /ЯНССЕН/;CBC-N/A
ОЛВЭЙЗ ПРОКЛАДКИ УЛЬТРА НОРМАЛ №10 [ALWAYS];CBC-N/A
НАЙЗ 100МГ. №20 ТАБ.;CBC-N/A
Д.ТАЙСС АНГИ СЕПТ МЕД+ЛИПА №24 ТАБ. Д/РАСС.;CBC-N/A
ЦИТРОДЖЕКС(ВИТАМИН С 900) 3,8Г. №20 ТАБ.БЫСТРОРАСТВ.;CBC-N/A
ИНГАЛИПТ-ВИАЛАЙН ГОТОВОЕ ПОЛОСКАНИЕ 200МЛ. Р-Р ФЛ.;CBC-N/A
НЕО-АНГИН №24 ТАБ. Д/РАСС. САХ.;CBC-N/A
Д.ТАЙСС АНГИ СЕПТ ЛИМОН №24 ТАБ. Д/РАСС.;CBC-N/A
КОМПЛИВИТ №60 ТАБ. П/О;CBC-N/A
КОМПЛИВИТ КАЛЬЦИЙ Д3 500МГ.+200МЕ АПЕЛЬСИН №30 ТАБ.ЖЕВ.;CBC-N/A
ХАРТМАНН ПЕХА-ХАФТ БИНТ САМОФИКС. КОГЕЗИВ. 4МХ6СМ. БЕЛ. /АРТ.9324841/9324842/ [HARTMANN PEHA-HAFT];CBC-N/A
ЛИПРИМАР 10МГ. №30 ТАБ. П/П/О /ГЕДЕКЕ/ПФАЙЗЕР/;CBC-N/A
АДЖИСЕПТ МЕД+ЛИМОН №24 ТАБ. Д/РАСС.;CBC-N/A
ГЛИЦИН ФОРТЕ 300/600МГ. №60 ТАБ. Д/РАСС. /ЭВАЛАР/;CBC-N/A
ДИКЛОФЕНАК 1% 40Г. ГЕЛЬ Д/НАРУЖ.ПРИМ. ТУБА /ХЕМОФАРМ/;CBC-N/A
ФЛОРЕСАН РЕПЕЙНИК МАСКА-КОМПРЕСС ГОРЯЧАЯ 450Г. Ф-86 [FLORESAN];CBC-N/A
ВИФЕРОН 40000МЕ 12Г. МАЗЬ Д/МЕСТ. И НАРУЖ.ПРИМ. ТУБА /ФЕРОН/;CBC-N/A
СПЛАТ ЗУБ.ПАСТА БИОКАЛЬЦИЙ 100МЛ. [SPLAT];CBC-N/A
ВАЛЕМИДИН 25МЛ. КАПЛИ Д/ПРИЕМА ВНУТРЬ ФЛ.;CBC-N/A
АДЖИСЕПТ МЕНТОЛ+ЭВКАЛИПТ №24 ТАБ. Д/РАСС.;CBC-N/A
НАЗИВИН 0,05% 10МЛ. №1 6+ НАЗАЛ.КАПЛИ ФЛ./КАП.;CBC-N/A
СИЛДЕНАФИЛ-СЗ 50МГ. №4 ТАБ. П/П/О /СЕВЕРНАЯ ЗВЕЗДА/;CBC-N/A
КОНКОР 5МГ. №30 ТАБ. П/П/О /МЕРК/;CBC-N/A
МОЕ СОЛНЫШКО ГЕЛЬ Д/ПОДМЫВ. МЛАДЕНЦЕВ ГИПОАЛЛЕРГ. 400МЛ.;CBC-N/A
АКВАДЕТРИМ 15000МЕ/МЛ. 10МЛ. КАПЛИ Д/ПРИЕМА ВНУТРЬ ФЛ./КАП. (ВИТАМИН Д3 ВОДН.Р-Р) /МЕДАНА/;CBC-N/A
СЛАБИКАП 7,5МГ/МЛ. 10МЛ. КАПЛИ Д/ПРИЕМА ВНУТРЬ ФЛ./КАП. /СИНТЕЗ/;CBC-N/A
НОРМОДИПИН 5МГ. №30 ТАБ. /ГЕДЕОН РИХТЕР/;CBC-N/A
РАСТОРОПША №100 ТАБ.;CBC-N/A
ДОКТОР МОМ №20 ПАСТИЛКИ АПЕЛЬСИН;CBC-N/A
ЛЕСНОЙ БАЛЬЗАМ ОПОЛАСК. Д/РТА П/КРОВОТОЧИВОСТИ ДЕСЕН КОРА ДУБА+ПИХТА 250МЛ.;CBC-N/A
L-ТИРОКСИН 150МКГ. №100 ТАБ. /БЕРЛИН ХЕМИ/;CBC-N/A
СПАЗГАН №20 ТАБ.;CBC-N/A
ЗВЕЗДОЧКА ФЛЮ ЛИМОН 15Г. №5 ПОР. Д/Р-РА Д/ПРИЕМА ВНУТРЬ ПАК.;CBC-N/A
ТИРОЗОЛ 5МГ. №50 ТАБ. П/П/О /МЕРК/;CBC-N/A
ФРЕНЧИ УМНАЯ ЭМАЛЬ ВОССТ. ПОВР. НОГТЕЙ 15/11МЛ. /АРТ.12069/;CBC-N/A
СМЕКТА ВАНИЛЬ 3Г. №20 ПОР. Д/СУСП. Д/ПРИЕМА ВНУТРЬ ПАК. /ИПСЕН/;CBC-N/A
БУТАДИОН 5% 20Г. МАЗЬ Д/НАРУЖ.ПРИМ. ТУБА /ОЗОН/;CBC-N/A
ХАРТМАНН ПЕХА-ХАФТ БИНТ САМОФИКС. КОГЕЗИВ. 4МХ4СМ. БЕЛ. /АРТ.932483/ [HARTMANN PEHA-HAFT];CBC-N/A
СИЛИМАР 100МГ. №30 ТАБ.;CBC-N/A
ЙОДОМАРИН 200 №100 ТАБ. /БЕРЛИН ХЕМИ/;CBC-N/A
ДИАДЕРМ КРЕМ-ТАЛЬК Д/ТЕЛА П/ОПРЕЛОСТЕЙ 75МЛ. /АВАНТА/;CBC-N/A
АНТИ-ЭЙДЖ ВИТАМИН Д3 500МЕ 10МЛ. №1 МАСЛ. Р-Р Д/ПРИЕМА ВНУТРЬ ФЛ./КАП. /ЭВАЛАР/ [ANTI-AGE];CBC-N/A
ДЕКСАМЕТАЗОН 0,1% 10МЛ. ГЛ.КАПЛИ ФЛ. /РОМФАРМ/;CBC-N/A
МИЛУРИТ 100МГ. №50 ТАБ. /ЭГИС/;CBC-N/A
АМЛОДИПИН 10МГ. №60 ТАБ. /ВЕРТЕКС/;CBC-N/A
НУРОФЕН 200МГ. №20 ТАБ. П/О /РЕКИТТ БЕНКИЗЕР/;CBC-N/A
АУГМЕНТИН 200МГ.+28,5МГ/5МЛ. 7,7Г. 70МЛ. ПОР. Д/СУСП. Д/ПРИЕМА ВНУТРЬ ФЛ. /ГЛАКСО/;CBC-N/A
БРОМГЕКСИН 8 БЕРЛИН-ХЕМИ 8МГ. №25 ТАБ. П/О /БЕРЛИН ХЕМИ/;CBC-N/A
ФУРАЗОЛИДОН РЕНЕВАЛ 50МГ. №20 ТАБ. И/У /ОБНОВЛЕНИЕ/;CBC-N/A
ТЕМПАЛГИН №20 ТАБ. П/П/О;CBC-N/A
ЛАПЧАТКА КОРНЕВИЩА 2,5Г. №20 ПАК. /КРАСНОГОРСК/;CBC-N/A
ДИФЛЮКАН 150МГ. №1 КАПС. /ПФАЙЗЕР/;CBC-N/A
ЦЕТРИН 10МГ. №20 ТАБ. П/П/О /Д-Р РЕДДИ/;CBC-N/A
КАРДИАСК МАГНИЙ 75МГ.+15,2МГ. №100 ТАБ. П/П/О /КАНОНФАРМА/;CBC-N/A
ТИЗАЛУД 2МГ. №30 ТАБ. /ВЕРОФАРМ/;CBC-N/A
ДЕКСАМЕТАЗОН РЕНЕВАЛ 0,1% 10МЛ. №1 ГЛ.КАПЛИ ТЮБ./КАП. /RENEWAL/;CBC-N/A
АКРИДЕРМ 0,05% 30Г. №1 КРЕМ Д/НАРУЖ.ПРИМ. ТУБА /АКРИХИН/;CBC-N/A
САНОРИН 0,1% 10МЛ. №1 С МАСЛОМ ЭВКАЛИПТА НАЗАЛ.КАПЛИ ФЛ.;CBC-N/A
МИРРОЛЛА ШАМПУНЬ ЛУКОВЫЙ + КРАСНЫЙ ПЕРЕЦ 150МЛ. [MIRROLLA];CBC-N/A
СОТАГЕКСАЛ 160МГ. №20 ТАБ. /ГЕКСАЛ АГ/;CBC-N/A
НУРОФЕН 12+ 200МГ. №12 ТАБ. П/О /РЕКИТТ БЕНКИЗЕР/;CBC-N/A
ВЕНТОЛИН 100МКГ/ДОЗА 200ДОЗ №1 АЭРОЗОЛЬ Д/ИНГ. /ГЛАКСО/;CBC-N/A
L-ТИРОКСИН 100МКГ. №100 ТАБ. /БЕРЛИН ХЕМИ/;CBC-N/A
ЗУЛА ЛЕДЕНЦЫ ЭВКАЛИПТ +ВИТ.С 60Г. Б/САХ. ПАК. [SULA];CBC-N/A
АМЛОДИПИН-ТЕВА 5МГ. №30 ТАБ. /ТЕВА/;CBC-N/A
ЭВЕРС-ЛАЙФ МАРЛЯ 5М. №1 [EVERS LIFE];CBC-N/A
ВИТАМИР ЯНТАРНАЯ КИСЛОТА ФОРТЕ 620МГ. №30 ТАБ. /КВАДРАТ-С/;CBC-N/A
АНГЕЛ ПОВЯЗКА ПЛАСТЫРНОГО ТИПА БАКТЕР. 9Х10СМ. №10 [ANGEL];CBC-N/A
ФУРАЗОЛИДОН АВЕКСИМА 50МГ. №20 ТАБ. /ИРБИТСКИЙ/;CBC-N/A
БОРЖОМИ ВОДА МИНЕР. ГАЗ. 0,5Л. СТЕКЛО;CBC-N/A
МАСКА МЕД. ЛАТИО ДЕТСКАЯ ТРЕХСЛОЙНАЯ (3-Х) РИСУНОК №50 И/У [LATIO];CBC-N/A
ДЕКСАМЕТАЗОН-ФЕРЕЙН 4МГ/МЛ. 1МЛ. №25 Р-Р Д/В/В,В/М АМП. /ФЕРЕЙН/;CBC-N/A
ЭНАМ 5МГ. №20 ТАБ. /Д-Р РЕДДИ/;CCC-N/A
ТЕТРАЦИКЛИН-ЛЕКТ 100МГ. №20 ТАБ. П/О /ТЮМЕНСКИЙ/;CCC-N/A
ТАГИСТА 16МГ. №30 ТАБ. /НИЖФАРМ/;CCC-N/A
ЛОРИСТА 25МГ. №30 ТАБ. П/П/О /KRKA/;CCC-N/A
АЛЬФАПЛАСТИК ТРУБКА РЕКТАЛЬНАЯ ГАЗООТВОДНАЯ Д/НОВОРОЖД. №16;CCC-N/A
МОЕ СОЛНЫШКО МЫЛО ЖИДКОЕ МАСЛО АВОКАДО 300МЛ. ДОЗАТОР;CCC-N/A
ЭВИТА ВАТНЫЕ ДИСКИ №100 [E'VITA];CCC-N/A
БИОЛИТ БАДЯГА ФОРТЕ ГЕЛЬ 75МЛ.;CCC-N/A
ВИНПОЦЕТИН ФОРТЕ КАНОН 10МГ. №30 ТАБ. /КАНОНФАРМА/;CCC-N/A
ЛЕДЕНЦЫ СИЛА ЧЕТЫРЕХ ТРАВ ЛАКРИЧНЫЕ 50Г.;CCC-N/A
СИЛЬВЕР КАПИТАН БАТОНЧИК КОКОС КАКАО БЕЛ.ГЛАЗ. 50Г.;CCC-N/A
ФЛУКОНАЗОЛ 150МГ. №4 КАПС. /ВЕРТЕКС/;CCC-N/A
АМБРОКСОЛ-АЛСИ 30МГ. №30 ТАБ. /АЛСИ/;CCC-N/A
АСКОРБИНОВАЯ К-ТА 50МГ/МЛ. 2МЛ. №10 Р-Р Д/В/В,В/М АМП. /ДАЛЬХИМФАРМ/;CCC-N/A
БИНТЛИ-Т БИНТ ЛИПКИЙ ПРОНИЦАЕМЫЙ 10СМХ2М.;CCC-N/A
"911-ГЕЛЬ-БАЛЬЗАМ Д/НОГ КОНСКИЙ КАШТАН 100МЛ. ТУБА";CCC-N/A
ЛИЗИНОПРИЛ 5МГ. №30 ТАБ. /ВЕРТЕКС/;CCC-N/A
РИМАНТАДИН АВЕКСИМА 50МГ. №20 ТАБ. (РЕМАНТАДИН);CCC-N/A
БИСЕПТОЛ 480МГ. №28 ТАБ. /АДАМЕД ФАРМА/;CCC-N/A
АМОКСИЦИЛЛИН 250МГ/5МЛ. 40Г. №1 ГРАН. Д/СУСП. Д/ПРИЕМА ВНУТРЬ ФЛ. /ХЕМОФАРМ/;CCC-N/A
КОРВАЛОЛ ФИТО 50МЛ. КАПЛИ Д/ПРИЕМА ВНУТРЬ ФЛ. И/У;CCC-N/A
ЛЕККЕР-БЗ БРИЛЛИАНТОВЫЙ ЗЕЛЕНЫЙ 1% 5МЛ. СПИРТ. Р-Р ФЛОМАСТЕР;CCC-N/A
МЕТФОРМИН-ТЕВА 500МГ. №60 ТАБ. П/П/О /ТЕВА/;CCC-N/A
МУКАЛТИН РЕНЕВАЛ 50МГ. №20 ТАБ. /ОБНОВЛЕНИЕ/;CCC-N/A
ИБУПРОФЕН-ВЕРТЕ 5% 50Г. ГЕЛЬ Д/НАРУЖ.ПРИМ. ТУБА /ВЕРТЕКС/;CCC-N/A
ЭВО КРЕМ Д/НОГ МОЧЕВИНА 50МЛ. ТУБА [EVO] /АВАНТА/;CCC-N/A
ГУБКА ГЕМОСТАТ. КОЛЛАГЕН. С СЕРЕБРОМ 50Х50Х7ММ №10 /ЗЕЛЕНАЯ ДУБРАВА/;CCC-N/A
ЛОРАТАДИН 10МГ. №30 ТАБ. /ВЕРТЕКС/;CCC-N/A
АНАЛЬГИН 500МГ/МЛ. 2МЛ. №10 Р-Р Д/В/В,В/М АМП. /НОВОСИБХИМФАРМ/;CCC-N/A
УКРОПА ПАХУЧЕГО ПЛОДЫ 50Г. /КРАСНОГОРСК/;CCC-N/A
ЛОРАТАДИН 10МГ. №30 ТАБ. /ОЗОН/;CCC-N/A
ОМЕПРАЗОЛ-ТЕВА 20МГ. №28 КАПС. КШ/РАСТВ. /ТЕВА/;CCC-N/A
СУСТАМЕД ЖАБИЙ КАМЕНЬ БИО-БАЛЬЗАМ АКТИВИР. Д/ТЕЛА МАСЛО РЫЖИКА 50МЛ. ТУБА;CCC-N/A
ЛИДОКАИН 20МГ/МЛ. 2МЛ. №10 Р-Р Д/ИН. АМП. /СЛАВЯНСКАЯ АПТЕКА/;CCC-N/A
БОБС ЛЕДЕНЦЫ ОТ КАШЛЯ МЯТА+ЭВКАЛИПТ 35Г.(№10);CCC-N/A
НАТУРИНО ЛЕДЕНЦЫ АПЕЛЬСИН+ВИТАМИНЫ 33,5Г./36,4Г. №8;CCC-N/A
ФУРОСЕМИД 40МГ. №50 ТАБ. /ОЗОН ООО/;CCC-N/A
ТРИХОПОЛ 250МГ. №20 ТАБ. /ПОЛЬФАРМА/;CCC-N/A
ЭРИТРОМИЦИНОВАЯ 10000ЕД/Г. 10Г. ГЛ. МАЗЬ ТУБА /ТАТХИМФАРМ/;CCC-N/A
НИМЕСУЛИД 100МГ. №20 ТАБ. /РЕПЛЕКФАРМ/БЕРЕЗОВСКИЙ/;CCC-N/A
БОБС ЛЕДЕНЦЫ ОТ КАШЛЯ МЕД+ЛИМОН 35Г.(№10);CCC-N/A
КСИЛЕН 0,05% 10МЛ. №1 НАЗАЛ.КАПЛИ ФЛ./КАП. /ВЕРОФАРМ/;CCC-N/A
ЭРИНИТ 10МГ. №50 ТАБ. /ФАРМАПОЛ-ВОЛГА/;CCC-N/A
ФИТОКОСМЕТИК КРЕМ-ХНА ИНДИЙСКАЯ НАТУР. 3.3 ГОРЬК.ШОКОЛАД 50МЛ.;CCC-N/A
АКВА ЭЙР МОРЕ 50МЛ. НАЗАЛ.СПРЕЙ ФЛ.;CCC-N/A
ГИОКСИЗОН 10Г. 10МГ.+30МГ/Г. МАЗЬ Д/МЕСТ. И НАРУЖ.ПРИМ. ТУБА /МУРОМСКИЙ/;CCC-N/A
ХЕЛП БИНТ СТЕР. 5МХ10СМ И/У [HELP];CCC-N/A
ДИМЕДРОЛ 10МГ/МЛ. 1МЛ. №10 Р-Р Д/В/В,В/М АМП. /ВЕЛФАРМ/;CCC-N/A
МИРРОЛЛА РЕПЕЙНОЕ МАСЛО 100МЛ. ВИТ.А+ВИТ.Е [MIRROLLA];CCC-N/A
ПЛАТИФИЛЛИНА Г/Т 2МГ/МЛ. 1МЛ. №10 Р-Р Д/П/К АМП. /ДАЛЬХИМФАРМ/;CCC-N/A
ДЕКАРИС 150МГ. №1 ТАБ. /ГЕДЕОН РИХТЕР/;CCC-N/A
АУРА САЛФЕТКИ ВЛАЖН. А/БАКТЕР. №15 [AURA];CCC-N/A
ЗВЕЗДОЧКА НОЗ 0,1% 15МЛ. НАЗАЛ.СПРЕЙ ФЛ. +РАСП.;CCC-N/A
ГЕМАТОГЕН РУССКИЙ КЕДРОВЫЙ ОРЕХ 40Г. ПЛИТКА /ФАРМ-ПРО/;CCC-N/A
ОМЕПРАЗОЛ-ТЕВА 10МГ. №28 КАПС. КШ/РАСТВ. /ТЕВА/;CCC-N/A
ХЛОРГЕКСИДИН 0,05% 200МЛ. №1 Р-Р Д/МЕСТ. И НАРУЖ.ПРИМ. ФЛ. ПЭТ. /ЛЕКАРЬ/;CCC-N/A
ЦЕТИРИЗИН 10МГ. №20 ТАБ. П/П/О /ОЗОН/;CCC-N/A
БАХИЛЫ №10 (5ПАР);CCC-N/A
РОТОКАН 50МЛ. ЭКСТРАКТ Д/ПРИЕМА ВНУТРЬ И МЕСТ.ПРИМ. ФЛ. /ВИФИТЕХ/;CCC-N/A
ЕССЕНТУКИ ВОДА МИНЕР. №17 0,45Л. ГАЗ. СТЕКЛО;CCC-N/A
БАДЯГА 5Г. ПОР. Д/СУСП. Д/НАРУЖ.ПРИМ. ПАК. /ЗДОРОВЬЕ/;CCC-N/A
ПАНКРЕАТИН 25ЕД №60 ТАБ.КШ/РАСТВ. П/О /АВЕКСИМА/;CCC-N/A
ГОРЧИЧНИКИ-ПАКЕТ №20;CCC-N/A
САЛИЦИЛОВАЯ 2% 25Г. МАЗЬ /ТУЛЬСКАЯ ФФ/;CCC-N/A
МАСЛО ОБЛЕПИХОВОЕ ГОРНОАЛТАЙСКОЕ 100МЛ. ФЛ. И/У /АЛТАЙСКИЙ БУКЕТ/;CCC-N/A
СУСТАМЕД ЖАБИЙ КАМЕНЬ ГЕЛЬ Д/НОГ Д/ВЕН ГЛЮКОЗАМИН+ТРОКСЕРУТИН 30Г.;CCC-N/A
КЕТОРОЛАК 10МГ. №28 ТАБ. П/П/О /ОБНОВЛЕНИЕ/;CCC-N/A
ДЕКАРИС 50МГ. №2 ТАБ. /ГЕДЕОН РИХТЕР/;CCC-N/A
ЛЕЙКОПЛАСТЫРЬ 4Х500 ТКАН.ОСНОВА КАТУШКА КАРТОН /ВЕРОФАРМ/;CCC-N/A
АМОСИН 500МГ. №10 ТАБ. /ПОЛЛО/;CCC-N/A
ФУРАДОНИН 50МГ. №20 ТАБ. И/У /БОРИСОВСКИЙ/;CCC-N/A
ДРАЖЕ ВЕЧЕРНЕЕ №100 ВАЛЕРИАНА+ХМЕЛЬ+МЯТА /ПАРАФАРМ/;CCC-N/A
ИНДАП 2,5МГ. №30 КАПС. /ПРО.МЕД.ЦС/;CCC-N/A
МОЕ СОЛНЫШКО ПЕНКА Д/КУПАНИЯ БАЮ-БАЮШКИ ЛАВАНДА+РОЗ.МАСЛО 200МЛ.;CCC-N/A
ХЛОРГЕКСИДИН 0,05% 100МЛ. №1 Р-Р Д/МЕСТ. И НАРУЖ.ПРИМ. ФЛ. ПЭТ. /ТУЛЬСКАЯ ФФ/;CCC-N/A
"911-ВЕНОЛГОН ГЕЛЬ Д/НОГ ПРИ ТЯЖЕСТИ,БОЛИ,ОТЕКАХ 100МЛ. ТУБА";CCC-N/A
САНИТЕЛЬ СПРЕЙ Д/РУК А/СЕПТИЧ. ВИТ.Е+АЛОЭ 20МЛ. [SANITELLE];CCC-N/A
ПАСТА САЛИЦИЛОВО-ЦИНКОВАЯ 25Г. БАНКА /ТУЛЬСКАЯ ФФ/;CCC-N/A
БОБС ЛЕДЕНЦЫ Д/ГОРЛА 35Г. ЭКСТРА МЕНТОЛ №10;CCC-N/A
АЛЬФА ТОКОФЕРОЛА АЦЕТАТ 200МГ. №30 КАПС. (ВИТАМИН Е) /МИНСКИНТЕРКАПС/;CCC-N/A
ЛЕККЕР-ЙОДА 5% 5МЛ. СПИРТ. Р-Р КАРАНДАШ;CCC-N/A
СТАТИН 1Г. №5 ПОР. ПАК. (Д/ОСТАНОВКИ КРОВОТЕЧЕНИЙ);CCC-N/A
"911-ГЕЛЬ-БАЛЬЗАМ Д/СУСТАВОВ РАЗОГР. ОКОПНИК+МУРАВ.К-ТА 100МЛ.";CCC-N/A
НУРОФЕН ФОРТЕ 400МГ. №12 ТАБ. П/О /РЕКИТТ БЕНКИЗЕР/;CCC-N/A
ФУРАГИН 50МГ. №30 ТАБ. /СЕВЕРНАЯ ЗВЕЗДА/;CCC-N/A
БИОИНВЕНТИКА СИРОП МАЛИНА НА ФРУКТОЗЕ 250МЛ. №1 ФЛ.;CCC-N/A
ИНДАПАМИД МВ ШТАДА 1,5МГ. №30 ТАБ.ПРОЛОНГ. П/О /НИЖФАРМ/;CCC-N/A
КЕТОРОЛАК 10МГ. №14 ТАБ. П/П/О /ОБНОВЛЕНИЕ/;CCC-N/A
КЛИРВИН КРЕМ (ПЯТНА,ШРАМЫ) 25Г.;CCC-N/A
ИНДОМЕТАЦИН-АЛЬТФАРМ 100МГ. №10 СУПП. РЕКТ.;CCC-N/A
АНТИПОЛИЦАЙ №4 КАРАМЕЛЬ ЛЕДЕНЦОВАЯ Б/САХ.;CCC-N/A
АМЛОДИПИН 5МГ. №60 ТАБ. /ВЕРТЕКС/;CCC-N/A
ЛИЗИНОПРИЛ 10МГ. №30 ТАБ. /ВЕРТЕКС/;CCC-N/A
БИСАКОДИЛ-ХЕМОФАРМ 5МГ. №30 ТАБ.КШ/РАСТВ. П/О /ХЕМОФАРМ/;CCC-N/A
ТОБРОПТ 0,3% 5МЛ. №1 ГЛ.КАПЛИ ФЛ./КАП. /РОМФАРМ/;CCC-N/A
ЦЕРУКАЛ 10МГ. №50 ТАБ. /АВД ФАРМА/ТЕВА/;CCC-N/A
АТАРАКС 25МГ. №25 ТАБ. П/П/О /ЮСБ ФАРМА/;CCC-N/A
АМЕЛИЯ ВАТА МЕД. ХИРУРГ. Н/СТЕР. 25Г.;CCC-N/A
ТОРГ ЛАЙНС БАНКИ МАССАЖ А/ЦЕЛЛЮЛИТ. №1 ТЮЛЬПАН;CCC-N/A
АКРИДЕРМ 0,05% 30Г. №1 МАЗЬ Д/НАРУЖ.ПРИМ. ТУБА /АКРИХИН/;CCC-N/A
НАТУРИНО ЛЕДЕНЦЫ КЛУБНИКА+ВИТАМИНЫ 33,5Г./36,4Г. №8;CCC-N/A
КАЛЬЦИЯ ГЛЮКОНАТ 10% 5МЛ. №10 Р-Р Д/В/В,В/М ВВЕД. АМП. /АТОЛЛ/ОЗОН/;CCC-N/A
НАТУРА МЕДИКА ГЕЛЬ-БАЛЬЗАМ КОНСКИЙ КАШТАН+ТРОКСЕРУТИН Д/НОГ 85МЛ. [NATURA MEDICA];CCC-N/A
КАРДИКЕТ 20МГ. №50 ТАБ.ПРОЛОНГ. /ЮСБ ФАРМА/ЭЙСИКА/;CCC-N/A
КЛОТРИМАЗОЛ 1% 20Г. КРЕМ Д/НАРУЖ.ПРИМ. ТУБА /ХИПЕРИОН/РУМЫНИЯ/;CCC-N/A
ПРОПОСОЛ 25Г. СПРЕЙ Д/МЕСТ.ПРИМ. БАЛЛОН /АЛТАЙВИТАМИНЫ/;CCC-N/A
ИБУКЛИН 100МГ.+125МГ. №20 ТАБ. Д/ДЕТЕЙ (ЮНИОР);CCC-N/A
ЭГИЛОК 50МГ. №60 ТАБ. /ЭГИС/;CCC-N/A
ЗУЛА ЛЕДЕНЦЫ МУЛЬТИВИТАМИН +ВИТ.С 60Г. Б/САХ. ПАК. [SULA];CCC-N/A
ШИПОВНИКА ПЛОДЫ 2Г. №20 ПАК. /КРАСНОГОРСК/;CCC-N/A
БРУСНИКИ ЛИСТ 1,5Г. №20 ПАК. /КРАСНОГОРСК/;CCC-N/A
ПОХУДЕЙ ЧАЙ Д/ЗДОРОВЬЯ ЛЮДЕЙ КЛУБНИКА 2Г. №30 ПАК.;CCC-N/A
КЕТОРОЛ 30МГ/МЛ. 1МЛ. №10 Р-Р Д/ИН. АМП. /Д-Р РЕДДИС/;CCC-N/A
АКУЛИЙ ЖИР ГЕЛЬ-БАЛЬЗАМ Д/ТЕЛА ОКОПНИК+САБЕЛЬНИК 125МЛ.;CCC-N/A
СИЛЬВЕР КАПИТАН БАТОНЧИК ТРЮФЕЛЬ+ОРЕХ ШОК.ГЛАЗ. 50Г.;CCC-N/A
КАЛЕНДУЛА №10 СУПП.РЕКТ. ГОМЕОПАТ. /МОСФАРМА/;CCC-N/A
ФЛЮКОСТАТ 150МГ. №1 КАПС. /ОТИСИФАРМ/;CCC-N/A
АЦЦ-ЛОНГ 600МГ. №10 ШИП.ТАБ. /САНДОЗ/;CCC-N/A
ГИДРОКОРТИЗОН 0,5% 3Г. ГЛ. МАЗЬ ТУБА /ВАЛЕАНТ/ ЕЛЬФА/;CCC-N/A
АНДИПАЛ №20 ТАБ. /ФАРМСТАНДАРТ-ЛЕКСРЕДСТВА/;CCC-N/A
АЛЛОХОЛ №50 ТАБ. П/О /ФАРМСТАНДАРТ/;CCC-N/A
ГЕПАРИНОВАЯ 25Г. МАЗЬ Д/НАРУЖ.ПРИМ. ТУБА /НИЖФАРМ/;CCC-N/A
ВОДА 2МЛ. №10 Д/ИН. АМП. /НОВОСИБХИМФАРМ/;CCC-N/A
ПИРАЦЕТАМ 200МГ. №60 ТАБ. П/П/О /ОБНОВЛЕНИЕ/;CCC-N/A
ОКУПРЕС-Е 0,5% 5МЛ. ГЛ.КАПЛИ ФЛ./КАП. /КАДИЛА/;CCC-N/A
БРИЛЛИАНТОВЫЙ ЗЕЛЕН 1% 10МЛ. №1 СПИРТ. Р-Р Д/НАРУЖ.ПРИМ. ФЛ. /САМАРАМЕДПРОМ/;CCC-N/A
ПРОПОЛИСА НАСТОЙКА 25МЛ. ФЛ. И/У /ВИФИТЕХ/;CCC-N/A
ТРОКСЕРУТИН 2% 40Г. ГЕЛЬ Д/НАРУЖ.ПРИМ. ТУБА /ЗЕЛЕНАЯ ДУБРАВА/;CCC-N/A
ЛОРАГЕКСАЛ 10МГ. №10 ТАБ. /ГЕКСАЛ АГ/;CCC-N/A
СЕМЕЙНЫЙ ЗУБ.ПОРОШОК МОРСК.МИНЕР. 140СМ.КУБ/60Г. БАНКА /АВАНТА/;CCC-N/A
АЕВИТ 200МГ. №20 КАПС. (БАД) /МЕЛИГЕН/;CCC-N/A
ПОЛИНАДИМ 0,1%+0,025% 10МЛ. ГЛ.КАПЛИ ФЛ. /СИНТЕЗ/;CCC-N/A
СУЛЬФАЦИЛ-НАТРИЯ АЛЬБУЦИД 20% 10МЛ. №1 ГЛ.КАПЛИ ФЛ./КАП. /ЛЕККО/;CCC-N/A
РАСТОРОПШИ ШРОТ 100Г. ПОР.;CCC-N/A
МЕТОПРОЛОЛ-ТЕВА 100МГ. №30 ТАБ. /ТЕВА/;CCC-N/A
САЛФЕТКИ ДВУХСЛ. СТЕР. 16Х14СМ №10 И/У;CCC-N/A
ЦИПРОЛЕТ 3МГ/МЛ. 5МЛ. №1 ГЛ.КАПЛИ ФЛ./КАП. /Д-Р РЕДДИ/;CCC-N/A
БИОКОНТУР РЫБИЙ ЖИР 330МГ. №100 КАПС. (РЫБНЫЙ);CCC-N/A
ДИГОКСИН 250МКГ. №50 ТАБ. /ГЕДЕОН РИХТЕР/;CCC-N/A
ПРИСЫПКА ДЕТСКАЯ ЧЕРЕДА 40Г. /САМАРАМЕДПРОМ/;CCC-N/A
ЛОРИСТА 12,5МГ. №30 ТАБ. П/П/О /KRKA/;CCC-N/A
ВИТАЛОР ЛЕДЕНЦ.КАРАМЕЛЬ АНИС+ВИТ.С 60Г.;CCC-N/A
ЛОПЕДИУМ 2МГ. №10 ТАБ. /САЛЮТАС/;CCC-N/A
МОЕ СОЛНЫШКО БАЛЬЗАМ Д/ГУБ ВАНИЛЬ 2,8Г. СТИК;CCC-N/A
ДИКЛОФЕНАК 100МГ. №10 СУПП. РЕКТ. /ДАЛЬХИМФАРМ/;CCC-N/A
КСИЛЕН 0,1% 20МЛ. №1 НАЗАЛ.КАПЛИ ФЛ./КАП. /ВЕРОФАРМ/;CCC-N/A
МИРРОЛЛА РЫБИЙ ЖИР ВИТАМИНЫ А+Д+Е 370МГ. №100 КАПС.;CCC-N/A
АММИАК 100МГ/МЛ. 100МЛ. №1 Р-Р Д/НАРУЖ./ИНГ. ФЛ. /САМАРСКАЯ ФФ/;CCC-N/A
ТИЗИН КЛАССИК 0,1% 10МЛ. НАЗАЛ.СПРЕЙ ФЛ. /ДЖОНСОН/;CCC-N/A
НАРЗАН ВОДА МИНЕР. 1Л. ГАЗ. ПЭТ.;CCC-N/A
АМИТРИПТИЛИН 25МГ. №50 ТАБ. /ОЗОН/;CCC-N/A
САЛФЕТКИ СТЕР. 10X10СМ №10;CCC-N/A
ЭНАП 2,5МГ. №20 ТАБ. /KPKA/;CCC-N/A
ВЕРАПАМИЛ 80МГ. №30 ТАБ. П/О /АЛКАЛОИД/;CCC-N/A
АУРА ВАТНЫЕ ДИСКИ №80 [AURA];CCC-N/A
NF ВАТА ХИРУРГ. СТЕР. 100Г. /НЬЮФАРМ/;CCC-N/A
АЦЕКАРДОЛ 100МГ. №30 ТАБ.КШ/РАСТВ. П/П/О /СИНТЕЗ/;CCC-N/A
ОКСИТОЦИН 5МЕ/МЛ. 1МЛ. №5 Р-Р Д/ИН. АМП. /ГЕДЕОН РИХТЕР/;CCC-N/A
БИНТ СТЕР. 10МХ16СМ И/У;CCC-N/A
ЭНАЛАПРИЛ 10МГ. №20 ТАБ. /ХЕМОФАРМ/;CCC-N/A
ВАЛИДОЛ 50МГ. №40 КАПС. ПОДЪЯЗЫЧ. /ЛЮМИ/;CCC-N/A
ФУРАЦИЛИН 20МГ. №20 ТАБ. Д/Р-РА Д/МЕСТ. И НАРУЖ.ПРИМ. /АВЕКСИМА/;CCC-N/A
АСКОРБИНОВАЯ К-ТА 2,5Г. №10 ПОР. /МЕЛИГЕН/ (БАД);CCC-N/A
РИНОРУС 0,1% 20МЛ. НАЗАЛ.СПРЕЙ ФЛ. +НАСАДКА РАСПЫЛИТЕЛЬ /СИНТЕЗ/;CCC-N/A
